[
  {
    "value": "\u0027\u0027In Re a Gentleman One\u0027\u0027",
    "synonyms": [
      "\u0027\u0027In Re a Gentleman One\u0027\u0027"
    ]
  },
  {
    "value": "\u0027\u0027In Re a Gentleman One\u0027\u0027",
    "synonyms": [
      "\u0027\u0027In Re a Gentleman One\u0027\u0027"
    ]
  },
  {
    "value": "A Flurry in Diamonds",
    "synonyms": [
      "A Flurry in Diamonds"
    ]
  },
  {
    "value": "A Flurry in Diamonds",
    "synonyms": [
      "A Flurry in Diamonds"
    ]
  },
  {
    "value": "A Friend in Need",
    "synonyms": [
      "A Friend in Need"
    ]
  },
  {
    "value": "A Hazard of New Fortunes",
    "synonyms": [
      "A Hazard of New Fortunes"
    ]
  },
  {
    "value": "A Hazard of New Fortunes",
    "synonyms": [
      "A Hazard of New Fortunes"
    ]
  },
  {
    "value": "A Journey in Search of Christmas",
    "synonyms": [
      "A Journey in Search of Christmas"
    ]
  },
  {
    "value": "A Journey in Search of Christmas",
    "synonyms": [
      "A Journey in Search of Christmas"
    ]
  },
  {
    "value": "Celebrated Crimes Vol. 6: Part 1: Joan of Naples",
    "synonyms": [
      "Celebrated Crimes Vol. 6: Part 1: Joan of Naples"
    ]
  },
  {
    "value": "Clear Crystals",
    "synonyms": [
      "Clear Crystals"
    ]
  },
  {
    "value": "Der Korbmacher",
    "synonyms": [
      "Der Korbmacher"
    ]
  },
  {
    "value": "Der Korbmacher",
    "synonyms": [
      "Der Korbmacher"
    ]
  },
  {
    "value": "Der goldne Topf",
    "synonyms": [
      "Der goldne Topf"
    ]
  },
  {
    "value": "Der goldne Topf",
    "synonyms": [
      "Der goldne Topf"
    ]
  },
  {
    "value": "Dogs and All About Them",
    "synonyms": [
      "Dogs and All About Them"
    ]
  },
  {
    "value": "Dombey and Son",
    "synonyms": [
      "Dombey and Son"
    ]
  },
  {
    "value": "Don Juan Cantos 13 -16",
    "synonyms": [
      "Don Juan Cantos 13 -16"
    ]
  },
  {
    "value": "Duizend en één nacht - Deel een",
    "synonyms": [
      "Duizend en één nacht - Deel een"
    ]
  },
  {
    "value": "Easter Gleams",
    "synonyms": [
      "Easter Gleams"
    ]
  },
  {
    "value": "Easter Hymns",
    "synonyms": [
      "Easter Hymns"
    ]
  },
  {
    "value": "Eclogae",
    "synonyms": [
      "Eclogae"
    ]
  },
  {
    "value": "Elsje",
    "synonyms": [
      "Elsje"
    ]
  },
  {
    "value": "Emily Brontë",
    "synonyms": [
      "Emily Brontë"
    ]
  },
  {
    "value": "Emma version 4",
    "synonyms": [
      "Emma version 4"
    ]
  },
  {
    "value": "Emmeline the Orphan of the Castle",
    "synonyms": [
      "Emmeline the Orphan of the Castle"
    ]
  },
  {
    "value": "England and Yesterday",
    "synonyms": [
      "England and Yesterday"
    ]
  },
  {
    "value": "England and the Hundred Years\u0027 War",
    "synonyms": [
      "England and the Hundred Years\u0027 War"
    ]
  },
  {
    "value": "Epoden und Oden",
    "synonyms": [
      "Epoden und Oden"
    ]
  },
  {
    "value": "First Epistle of Clement to the Corinthians",
    "synonyms": [
      "First Epistle of Clement to the Corinthians"
    ]
  },
  {
    "value": "First Epistle of Clement to the Corinthians",
    "synonyms": [
      "First Epistle of Clement to the Corinthians"
    ]
  },
  {
    "value": "Five Children and It version 4",
    "synonyms": [
      "Five Children and It version 4"
    ]
  },
  {
    "value": "Flametti oder Vom Dandyismus der Armen",
    "synonyms": [
      "Flametti oder Vom Dandyismus der Armen"
    ]
  },
  {
    "value": "Foliage: Various Poems",
    "synonyms": [
      "Foliage: Various Poems"
    ]
  },
  {
    "value": "Foliage: Various Poems",
    "synonyms": [
      "Foliage: Various Poems"
    ]
  },
  {
    "value": "From Different Standpoints",
    "synonyms": [
      "From Different Standpoints"
    ]
  },
  {
    "value": "From Slave Cabin To Pulpit and Sketches Of Slave Life",
    "synonyms": [
      "From Slave Cabin To Pulpit and Sketches Of Slave Life"
    ]
  },
  {
    "value": "From Slave Cabin To Pulpit and Sketches Of Slave Life",
    "synonyms": [
      "From Slave Cabin To Pulpit and Sketches Of Slave Life"
    ]
  },
  {
    "value": "Geschichte der Abderiten",
    "synonyms": [
      "Geschichte der Abderiten"
    ]
  },
  {
    "value": "Geschichte des Agathon Teil 1",
    "synonyms": [
      "Geschichte des Agathon Teil 1"
    ]
  },
  {
    "value": "Geschichte des Agathon Teil 2",
    "synonyms": [
      "Geschichte des Agathon Teil 2"
    ]
  },
  {
    "value": "Gevleugelde Daden",
    "synonyms": [
      "Gevleugelde Daden"
    ]
  },
  {
    "value": "Good Stories for Great Birthdays",
    "synonyms": [
      "Good Stories for Great Birthdays"
    ]
  },
  {
    "value": "Good Stories for Great Birthdays",
    "synonyms": [
      "Good Stories for Great Birthdays"
    ]
  },
  {
    "value": "Grace Harlowe\u0027s Sophomore Year at High School",
    "synonyms": [
      "Grace Harlowe\u0027s Sophomore Year at High School"
    ]
  },
  {
    "value": "Grace Harlowe\u0027s Sophomore Year at High School",
    "synonyms": [
      "Grace Harlowe\u0027s Sophomore Year at High School"
    ]
  },
  {
    "value": "Half-Past Bedtime - V2",
    "synonyms": [
      "Half-Past Bedtime - V2"
    ]
  },
  {
    "value": "Half-Past Bedtime - V2",
    "synonyms": [
      "Half-Past Bedtime - V2"
    ]
  },
  {
    "value": "Hamlet Version 2",
    "synonyms": [
      "Hamlet Version 2"
    ]
  },
  {
    "value": "Hamlet Version 2",
    "synonyms": [
      "Hamlet Version 2"
    ]
  },
  {
    "value": "Harbour Dawn",
    "synonyms": [
      "Harbour Dawn"
    ]
  },
  {
    "value": "Harbour Dawn",
    "synonyms": [
      "Harbour Dawn"
    ]
  },
  {
    "value": "Heaven",
    "synonyms": [
      "Heaven"
    ]
  },
  {
    "value": "Heaven",
    "synonyms": [
      "Heaven"
    ]
  },
  {
    "value": "Hector Berlioz; A Romantic Tragedy",
    "synonyms": [
      "Hector Berlioz; A Romantic Tragedy"
    ]
  },
  {
    "value": "Hector Berlioz; A Romantic Tragedy",
    "synonyms": [
      "Hector Berlioz; A Romantic Tragedy"
    ]
  },
  {
    "value": "Het leven van Johannes Wouter Blommesteyn - deel 1",
    "synonyms": [
      "Het leven van Johannes Wouter Blommesteyn - deel 1"
    ]
  },
  {
    "value": "Het leven van Johannes Wouter Blommesteyn - deel 1",
    "synonyms": [
      "Het leven van Johannes Wouter Blommesteyn - deel 1"
    ]
  },
  {
    "value": "Historia Apollonii Regis Tyri",
    "synonyms": [
      "Historia Apollonii Regis Tyri"
    ]
  },
  {
    "value": "Historia Apollonii Regis Tyri",
    "synonyms": [
      "Historia Apollonii Regis Tyri"
    ]
  },
  {
    "value": "History of the Inquisition of Spain Vol. 4",
    "synonyms": [
      "History of the Inquisition of Spain Vol. 4"
    ]
  },
  {
    "value": "History of the Inquisition of Spain Vol. 4",
    "synonyms": [
      "History of the Inquisition of Spain Vol. 4"
    ]
  },
  {
    "value": "Human Sacrifice",
    "synonyms": [
      "Human Sacrifice"
    ]
  },
  {
    "value": "Human Sacrifice",
    "synonyms": [
      "Human Sacrifice"
    ]
  },
  {
    "value": "Hunting-Song of the Seeonee Pack",
    "synonyms": [
      "Hunting-Song of the Seeonee Pack"
    ]
  },
  {
    "value": "I saw the Sun at Midnight rising red",
    "synonyms": [
      "I saw the Sun at Midnight rising red"
    ]
  },
  {
    "value": "I saw the Sun at Midnight rising red",
    "synonyms": [
      "I saw the Sun at Midnight rising red"
    ]
  },
  {
    "value": "In Flanders Fields",
    "synonyms": [
      "In Flanders Fields"
    ]
  },
  {
    "value": "In Flanders Fields",
    "synonyms": [
      "In Flanders Fields"
    ]
  },
  {
    "value": "Indiana",
    "synonyms": [
      "Indiana"
    ]
  },
  {
    "value": "Indiana",
    "synonyms": [
      "Indiana"
    ]
  },
  {
    "value": "Inventions Of The Great War",
    "synonyms": [
      "Inventions Of The Great War"
    ]
  },
  {
    "value": "Inventions Of The Great War",
    "synonyms": [
      "Inventions Of The Great War"
    ]
  },
  {
    "value": "Iolanthe",
    "synonyms": [
      "Iolanthe"
    ]
  },
  {
    "value": "Iolanthe",
    "synonyms": [
      "Iolanthe"
    ]
  },
  {
    "value": "Iphigenia in Tauris",
    "synonyms": [
      "Iphigenia in Tauris"
    ]
  },
  {
    "value": "Iphigenia in Tauris",
    "synonyms": [
      "Iphigenia in Tauris"
    ]
  },
  {
    "value": "Iphigenie auf Tauris Ein Schauspiel",
    "synonyms": [
      "Iphigenie auf Tauris Ein Schauspiel"
    ]
  },
  {
    "value": "Iphigenie auf Tauris Ein Schauspiel",
    "synonyms": [
      "Iphigenie auf Tauris Ein Schauspiel"
    ]
  },
  {
    "value": "Ivanhoe NL",
    "synonyms": [
      "Ivanhoe NL"
    ]
  },
  {
    "value": "Ivanhoe NL",
    "synonyms": [
      "Ivanhoe NL"
    ]
  },
  {
    "value": "Jacob\u0027s Room",
    "synonyms": [
      "Jacob\u0027s Room"
    ]
  },
  {
    "value": "Jacob\u0027s Room",
    "synonyms": [
      "Jacob\u0027s Room"
    ]
  },
  {
    "value": "Jane Austen and Her Times",
    "synonyms": [
      "Jane Austen and Her Times"
    ]
  },
  {
    "value": "Jane Austen and Her Times",
    "synonyms": [
      "Jane Austen and Her Times"
    ]
  },
  {
    "value": "Jean Valjean; or The Shadow of the Law",
    "synonyms": [
      "Jean Valjean; or The Shadow of the Law"
    ]
  },
  {
    "value": "Jean Valjean; or The Shadow of the Law",
    "synonyms": [
      "Jean Valjean; or The Shadow of the Law"
    ]
  },
  {
    "value": "John Gabriel Borkman",
    "synonyms": [
      "John Gabriel Borkman"
    ]
  },
  {
    "value": "John Gabriel Borkman",
    "synonyms": [
      "John Gabriel Borkman"
    ]
  },
  {
    "value": "Kabumpo in Oz",
    "synonyms": [
      "Kabumpo in Oz"
    ]
  },
  {
    "value": "Kabumpo in Oz",
    "synonyms": [
      "Kabumpo in Oz"
    ]
  },
  {
    "value": "Katharine Lauderdale Vol 2",
    "synonyms": [
      "Katharine Lauderdale Vol 2"
    ]
  },
  {
    "value": "Katharine Lauderdale Vol 2",
    "synonyms": [
      "Katharine Lauderdale Vol 2"
    ]
  },
  {
    "value": "Kenilworth",
    "synonyms": [
      "Kenilworth"
    ]
  },
  {
    "value": "Kenilworth",
    "synonyms": [
      "Kenilworth"
    ]
  },
  {
    "value": "Kentucky\u0027s Famous Feuds and Tragedies",
    "synonyms": [
      "Kentucky\u0027s Famous Feuds and Tragedies"
    ]
  },
  {
    "value": "Kentucky\u0027s Famous Feuds and Tragedies",
    "synonyms": [
      "Kentucky\u0027s Famous Feuds and Tragedies"
    ]
  },
  {
    "value": "Kitty\u0027s Picnic and other Stories",
    "synonyms": [
      "Kitty\u0027s Picnic and other Stories"
    ]
  },
  {
    "value": "Korean Folk Tales",
    "synonyms": [
      "Korean Folk Tales"
    ]
  },
  {
    "value": "Korean Folk Tales",
    "synonyms": [
      "Korean Folk Tales"
    ]
  },
  {
    "value": "Krasavitse",
    "synonyms": [
      "Krasavitse"
    ]
  },
  {
    "value": "Lady Jim of Curzon Street",
    "synonyms": [
      "Lady Jim of Curzon Street"
    ]
  },
  {
    "value": "Lady Jim of Curzon Street",
    "synonyms": [
      "Lady Jim of Curzon Street"
    ]
  },
  {
    "value": "Märchen 2",
    "synonyms": [
      "Märchen 2"
    ]
  },
  {
    "value": "Märchen 2",
    "synonyms": [
      "Märchen 2"
    ]
  },
  {
    "value": "No Animal Food and Nutrition and Diet with Vegetable Recipes",
    "synonyms": [
      "No Animal Food and Nutrition and Diet with Vegetable Recipes"
    ]
  },
  {
    "value": "Noli Me Tangere The Social Cancer",
    "synonyms": [
      "Noli Me Tangere The Social Cancer"
    ]
  },
  {
    "value": "Of the Injustice of Counterfeiting Books",
    "synonyms": [
      "Of the Injustice of Counterfeiting Books"
    ]
  },
  {
    "value": "Of the Injustice of Counterfeiting Books",
    "synonyms": [
      "Of the Injustice of Counterfeiting Books"
    ]
  },
  {
    "value": "Psalms of David",
    "synonyms": [
      "Psalms of David"
    ]
  },
  {
    "value": "Short Nonfiction Collection Vol. 012",
    "synonyms": [
      "Short Nonfiction Collection Vol. 012"
    ]
  },
  {
    "value": "Short Nonfiction Collection Vol. 019",
    "synonyms": [
      "Short Nonfiction Collection Vol. 019"
    ]
  },
  {
    "value": "Short Nonfiction Collection Vol. 037",
    "synonyms": [
      "Short Nonfiction Collection Vol. 037"
    ]
  },
  {
    "value": "Short Nonfiction Collection Vol. 047",
    "synonyms": [
      "Short Nonfiction Collection Vol. 047"
    ]
  },
  {
    "value": "Tales of English Minsters: Hereford",
    "synonyms": [
      "Tales of English Minsters: Hereford"
    ]
  },
  {
    "value": "The English Constitution",
    "synonyms": [
      "The English Constitution"
    ]
  },
  {
    "value": "The English Restoration and Louis XIV: From the Peace of Westphalia to the Peace of Nimwegen",
    "synonyms": [
      "The English Restoration and Louis XIV: From the Peace of Westphalia to the Peace of Nimwegen"
    ]
  },
  {
    "value": "The Fringes Of The Fleet",
    "synonyms": [
      "The Fringes Of The Fleet"
    ]
  },
  {
    "value": "The Frozen North",
    "synonyms": [
      "The Frozen North"
    ]
  },
  {
    "value": "The Giraffe Hunters",
    "synonyms": [
      "The Giraffe Hunters"
    ]
  },
  {
    "value": "The Giraffe Hunters",
    "synonyms": [
      "The Giraffe Hunters"
    ]
  },
  {
    "value": "The Girl Aviators and the Phantom Airship",
    "synonyms": [
      "The Girl Aviators and the Phantom Airship"
    ]
  },
  {
    "value": "The Goop Directory",
    "synonyms": [
      "The Goop Directory"
    ]
  },
  {
    "value": "The Goop Directory",
    "synonyms": [
      "The Goop Directory"
    ]
  },
  {
    "value": "The Great Panjandrum Himself",
    "synonyms": [
      "The Great Panjandrum Himself"
    ]
  },
  {
    "value": "The Great Panjandrum Himself",
    "synonyms": [
      "The Great Panjandrum Himself"
    ]
  },
  {
    "value": "The Holy Bible in Modern English: 1 Kings-Ezekiel",
    "synonyms": [
      "The Holy Bible in Modern English: 1 Kings-Ezekiel"
    ]
  },
  {
    "value": "The Holy Bible in Modern English: 1 Kings-Ezekiel",
    "synonyms": [
      "The Holy Bible in Modern English: 1 Kings-Ezekiel"
    ]
  },
  {
    "value": "The Hunters of the Hills",
    "synonyms": [
      "The Hunters of the Hills"
    ]
  },
  {
    "value": "The Hunters of the Hills",
    "synonyms": [
      "The Hunters of the Hills"
    ]
  },
  {
    "value": "The India Wharf",
    "synonyms": [
      "The India Wharf"
    ]
  },
  {
    "value": "The India Wharf",
    "synonyms": [
      "The India Wharf"
    ]
  },
  {
    "value": "The Khaki Kook Book",
    "synonyms": [
      "The Khaki Kook Book"
    ]
  },
  {
    "value": "The Khaki Kook Book",
    "synonyms": [
      "The Khaki Kook Book"
    ]
  },
  {
    "value": "The King of Alsander Dramatic Reading",
    "synonyms": [
      "The King of Alsander Dramatic Reading"
    ]
  },
  {
    "value": "The King of Alsander Dramatic Reading",
    "synonyms": [
      "The King of Alsander Dramatic Reading"
    ]
  },
  {
    "value": "The Mystery of the Iron Box",
    "synonyms": [
      "The Mystery of the Iron Box"
    ]
  },
  {
    "value": "The Mystery of the Iron Box",
    "synonyms": [
      "The Mystery of the Iron Box"
    ]
  },
  {
    "value": "The Nobel Prize in 1904",
    "synonyms": [
      "The Nobel Prize in 1904"
    ]
  },
  {
    "value": "The Pony Rider Boys in Montana",
    "synonyms": [
      "The Pony Rider Boys in Montana"
    ]
  },
  {
    "value": "The Pony Rider Boys in New Mexico",
    "synonyms": [
      "The Pony Rider Boys in New Mexico"
    ]
  },
  {
    "value": "The Pony Rider Boys in Texas",
    "synonyms": [
      "The Pony Rider Boys in Texas"
    ]
  },
  {
    "value": "The Pretty Sister Of José",
    "synonyms": [
      "The Pretty Sister Of José"
    ]
  },
  {
    "value": "The Princess Pourquoi",
    "synonyms": [
      "The Princess Pourquoi"
    ]
  },
  {
    "value": "The Princess of Bagdad",
    "synonyms": [
      "The Princess of Bagdad"
    ]
  },
  {
    "value": "The Psychology of Alcoholism",
    "synonyms": [
      "The Psychology of Alcoholism"
    ]
  },
  {
    "value": "The Strange Adventures of Eric Blackburn",
    "synonyms": [
      "The Strange Adventures of Eric Blackburn"
    ]
  },
  {
    "value": "Епопея на Забравените",
    "synonyms": [
      "Епопея на Забравените"
    ]
  },
  {
    "value": "בחורף In Winter",
    "synonyms": [
      "בחורף In Winter"
    ]
  },
  {
    "value": "בחורף In Winter",
    "synonyms": [
      "בחורף In Winter"
    ]
  }
]