[
  {
    "value": "etree",
    "synonyms": [
      "Concert",
      "Concerts",
      "Live",
      "Live Concerts",
      "albums",
      "cd",
      "live shows"
    ]
  },
  {
    "value": "georgeblood",
    "synonyms": [
      "70 eighths",
      "78",
      "78s",
      "George Blood",
      "plates",
      "seventy eights"
    ]
  },
  {
    "value": "unlockedrecordings",
    "synonyms": [
      "unlocked recordings",
      "unlocked songs",
      "unlocked",
      "unlocked music"
    ]
  }
]