[
  {
    "value": "1946",
    "synonyms": [
      "1946"
    ]
  },
  {
    "value": "78rpm",
    "synonyms": [
      "78rpm"
    ]
  },
  {
    "value": "78rpm, children, spoken word",
    "synonyms": [
      "78rpm, children, spoken word"
    ]
  },
  {
    "value": "78rpm, schmaltz",
    "synonyms": [
      "78rpm, schmaltz"
    ]
  },
  {
    "value": "A Capella",
    "synonyms": [
      "A Capella"
    ]
  },
  {
    "value": "Accordion",
    "synonyms": [
      "Accordion"
    ]
  },
  {
    "value": "Advertisement",
    "synonyms": [
      "Advertisement"
    ]
  },
  {
    "value": "African",
    "synonyms": [
      "African"
    ]
  },
  {
    "value": "Aria",
    "synonyms": [
      "Aria"
    ]
  },
  {
    "value": "Armenian",
    "synonyms": [
      "Armenian"
    ]
  },
  {
    "value": "Art song",
    "synonyms": [
      "Art song"
    ]
  },
  {
    "value": "Bai o",
    "synonyms": [
      "Bai o"
    ]
  },
  {
    "value": "Baitone",
    "synonyms": [
      "Baitone"
    ]
  },
  {
    "value": "Ballet",
    "synonyms": [
      "Ballet"
    ]
  },
  {
    "value": "Baritone",
    "synonyms": [
      "Baritone"
    ]
  },
  {
    "value": "Baroque",
    "synonyms": [
      "Baroque"
    ]
  },
  {
    "value": "Bawdy Song",
    "synonyms": [
      "Bawdy Song"
    ]
  },
  {
    "value": "Be-Bop",
    "synonyms": [
      "Be-Bop"
    ]
  },
  {
    "value": "Bebop",
    "synonyms": [
      "Bebop"
    ]
  },
  {
    "value": "Big Band",
    "synonyms": [
      "Big Band"
    ]
  },
  {
    "value": "Bird Sounds",
    "synonyms": [
      "Bird Sounds"
    ]
  },
  {
    "value": "Bllues",
    "synonyms": [
      "Bllues"
    ]
  },
  {
    "value": "Bluegass",
    "synonyms": [
      "Bluegass"
    ]
  },
  {
    "value": "Bluegrass",
    "synonyms": [
      "Bluegrass"
    ]
  },
  {
    "value": "Blues",
    "synonyms": [
      "Blues"
    ]
  },
  {
    "value": "Boogie",
    "synonyms": [
      "Boogie",
      "Boogie Woogie"
    ]
  },
  {
    "value": "Brazilian",
    "synonyms": [
      "Brazilian"
    ]
  },
  {
    "value": "Broadway",
    "synonyms": [
      "Broadway"
    ]
  },
  {
    "value": "Brown",
    "synonyms": [
      "Brown"
    ]
  },
  {
    "value": "Budget",
    "synonyms": [
      "Budget"
    ]
  },
  {
    "value": "C W",
    "synonyms": [
      "C W"
    ]
  },
  {
    "value": "Cake Walk",
    "synonyms": [
      "Cake Walk"
    ]
  },
  {
    "value": "Calypso",
    "synonyms": [
      "Calypso"
    ]
  },
  {
    "value": "Cantata",
    "synonyms": [
      "Cantata"
    ]
  },
  {
    "value": "Caribbean",
    "synonyms": [
      "Caribbean"
    ]
  },
  {
    "value": "Cello arrangement",
    "synonyms": [
      "Cello arrangement"
    ]
  },
  {
    "value": "Cha Cha Cha",
    "synonyms": [
      "Cha Cha Cha"
    ]
  },
  {
    "value": "Chanson",
    "synonyms": [
      "Chanson"
    ]
  },
  {
    "value": "Children",
    "synonyms": [
      "Children"
    ]
  },
  {
    "value": "Children\u0027s",
    "synonyms": [
      "Children\u0027s"
    ]
  },
  {
    "value": "Choir",
    "synonyms": [
      "Choir"
    ]
  },
  {
    "value": "Choral",
    "synonyms": [
      "Choral"
    ]
  },
  {
    "value": "Christian",
    "synonyms": [
      "Christian"
    ]
  },
  {
    "value": "Christmas",
    "synonyms": [
      "Christmas",
      "Xmas",
      "santa"
    ]
  },
  {
    "value": "Circus",
    "synonyms": [
      "Circus"
    ]
  },
  {
    "value": "Circus March",
    "synonyms": [
      "Circus March"
    ]
  },
  {
    "value": "Classical",
    "synonyms": [
      "Classical"
    ]
  },
  {
    "value": "Comedy",
    "synonyms": [
      "Comedy"
    ]
  },
  {
    "value": "Country",
    "synonyms": [
      "Country"
    ]
  },
  {
    "value": "Country Gospel",
    "synonyms": [
      "Country Gospel"
    ]
  },
  {
    "value": "Country music",
    "synonyms": [
      "Country music"
    ]
  },
  {
    "value": "Cuban",
    "synonyms": [
      "Cuban"
    ]
  },
  {
    "value": "D",
    "synonyms": [
      "D"
    ]
  },
  {
    "value": "Dancce",
    "synonyms": [
      "Dancce"
    ]
  },
  {
    "value": "Dance",
    "synonyms": [
      "Dance"
    ]
  },
  {
    "value": "Dance Band",
    "synonyms": [
      "Dance Band"
    ]
  },
  {
    "value": "Dance Orchestra",
    "synonyms": [
      "Dance Orchestra"
    ]
  },
  {
    "value": "Dancing",
    "synonyms": [
      "Dancing"
    ]
  },
  {
    "value": "Dane",
    "synonyms": [
      "Dane"
    ]
  },
  {
    "value": "Dixieland",
    "synonyms": [
      "Dixieland"
    ]
  },
  {
    "value": "Doo-Wop",
    "synonyms": [
      "Doo-Wop"
    ]
  },
  {
    "value": "Educational",
    "synonyms": [
      "Educational"
    ]
  },
  {
    "value": "Ethnic",
    "synonyms": [
      "Ethnic"
    ]
  },
  {
    "value": "Ethnic Characterizations",
    "synonyms": [
      "Ethnic Characterizations"
    ]
  },
  {
    "value": "Fiddle",
    "synonyms": [
      "Fiddle"
    ]
  },
  {
    "value": "Field Recording",
    "synonyms": [
      "Field Recording"
    ]
  },
  {
    "value": "Film",
    "synonyms": [
      "Film"
    ]
  },
  {
    "value": "Film Music",
    "synonyms": [
      "Film Music"
    ]
  },
  {
    "value": "Folk",
    "synonyms": [
      "Folk"
    ]
  },
  {
    "value": "Folk Dance",
    "synonyms": [
      "Folk Dance"
    ]
  },
  {
    "value": "Fox Trot",
    "synonyms": [
      "Fox Trot"
    ]
  },
  {
    "value": "Foxtrot",
    "synonyms": [
      "Foxtrot"
    ]
  },
  {
    "value": "French",
    "synonyms": [
      "French"
    ]
  },
  {
    "value": "French Romantic",
    "synonyms": [
      "French Romantic"
    ]
  },
  {
    "value": "German",
    "synonyms": [
      "German"
    ]
  },
  {
    "value": "German Lied",
    "synonyms": [
      "German Lied"
    ]
  },
  {
    "value": "Gospel",
    "synonyms": [
      "Gospel"
    ]
  },
  {
    "value": "Group Vocal",
    "synonyms": [
      "Group Vocal"
    ]
  },
  {
    "value": "Guaracha",
    "synonyms": [
      "Guaracha"
    ]
  },
  {
    "value": "Gypsy",
    "synonyms": [
      "Gypsy"
    ]
  },
  {
    "value": "Harmonica",
    "synonyms": [
      "Harmonica"
    ]
  },
  {
    "value": "Harmonica Instrumental",
    "synonyms": [
      "Harmonica Instrumental"
    ]
  },
  {
    "value": "Harp",
    "synonyms": [
      "Harp"
    ]
  },
  {
    "value": "Hawaiian",
    "synonyms": [
      "Hawaiian"
    ]
  },
  {
    "value": "Hawaiian traditional",
    "synonyms": [
      "Hawaiian traditional"
    ]
  },
  {
    "value": "Hillbilly",
    "synonyms": [
      "Hillbilly"
    ]
  },
  {
    "value": "Historical",
    "synonyms": [
      "Historical"
    ]
  },
  {
    "value": "Holiday",
    "synonyms": [
      "Holiday"
    ]
  },
  {
    "value": "Humor",
    "synonyms": [
      "Humor"
    ]
  },
  {
    "value": "Hymn",
    "synonyms": [
      "Hymn"
    ]
  },
  {
    "value": "Instructional",
    "synonyms": [
      "Instructional"
    ]
  },
  {
    "value": "Instrumental",
    "synonyms": [
      "Instrumental"
    ]
  },
  {
    "value": "Int",
    "synonyms": [
      "Int"
    ]
  },
  {
    "value": "Interview",
    "synonyms": [
      "Interview"
    ]
  },
  {
    "value": "Irish",
    "synonyms": [
      "Irish"
    ]
  },
  {
    "value": "Irish Fiddling",
    "synonyms": [
      "Irish Fiddling"
    ]
  },
  {
    "value": "Italian",
    "synonyms": [
      "Italian"
    ]
  },
  {
    "value": "Jazz",
    "synonyms": [
      "Jazz"
    ]
  },
  {
    "value": "Jewish",
    "synonyms": [
      "Jewish"
    ]
  },
  {
    "value": "Jewish Novelty",
    "synonyms": [
      "Jewish Novelty"
    ]
  },
  {
    "value": "Jug Band",
    "synonyms": [
      "Jug Band"
    ]
  },
  {
    "value": "Jump",
    "synonyms": [
      "Jump"
    ]
  },
  {
    "value": "Jump Blues",
    "synonyms": [
      "Jump Blues"
    ]
  },
  {
    "value": "Klezmer",
    "synonyms": [
      "Klezmer"
    ]
  },
  {
    "value": "LP",
    "synonyms": [
      "LP"
    ]
  },
  {
    "value": "Latin",
    "synonyms": [
      "Latin"
    ]
  },
  {
    "value": "Laughing",
    "synonyms": [
      "Laughing"
    ]
  },
  {
    "value": "Lt",
    "synonyms": [
      "Lt"
    ]
  },
  {
    "value": "Lullaby",
    "synonyms": [
      "Lullaby"
    ]
  },
  {
    "value": "Male Vocal Duet",
    "synonyms": [
      "Male Vocal Duet"
    ]
  },
  {
    "value": "Mambo",
    "synonyms": [
      "Mambo"
    ]
  },
  {
    "value": "Mandolin",
    "synonyms": [
      "Mandolin"
    ]
  },
  {
    "value": "March",
    "synonyms": [
      "March"
    ]
  },
  {
    "value": "Marimba",
    "synonyms": [
      "Marimba"
    ]
  },
  {
    "value": "Merengue",
    "synonyms": [
      "Merengue"
    ]
  },
  {
    "value": "Mexican",
    "synonyms": [
      "Mexican"
    ]
  },
  {
    "value": "Mexican art song",
    "synonyms": [
      "Mexican art song"
    ]
  },
  {
    "value": "Military",
    "synonyms": [
      "Military"
    ]
  },
  {
    "value": "Musette",
    "synonyms": [
      "Musette"
    ]
  },
  {
    "value": "Musical",
    "synonyms": [
      "Musical"
    ]
  },
  {
    "value": "Musical Theater",
    "synonyms": [
      "Musical Theater"
    ]
  },
  {
    "value": "Nature Sounds",
    "synonyms": [
      "Nature Sounds"
    ]
  },
  {
    "value": "Neopolitan",
    "synonyms": [
      "Neopolitan"
    ]
  },
  {
    "value": "Neopolitan Song",
    "synonyms": [
      "Neopolitan Song"
    ]
  },
  {
    "value": "New Year\u0027s Eve",
    "synonyms": [
      "New Year\u0027s Eve"
    ]
  },
  {
    "value": "Noe",
    "synonyms": [
      "Noe"
    ]
  },
  {
    "value": "Norwegian",
    "synonyms": [
      "Norwegian"
    ]
  },
  {
    "value": "Novelty",
    "synonyms": [
      "Novelty"
    ]
  },
  {
    "value": "Novelty Piano",
    "synonyms": [
      "Novelty Piano"
    ]
  },
  {
    "value": "Old Time",
    "synonyms": [
      "Old Time"
    ]
  },
  {
    "value": "Old-Time",
    "synonyms": [
      "Old-Time"
    ]
  },
  {
    "value": "Opera",
    "synonyms": [
      "Opera"
    ]
  },
  {
    "value": "Opera buffa",
    "synonyms": [
      "Opera buffa"
    ]
  },
  {
    "value": "Opera overture",
    "synonyms": [
      "Opera overture"
    ]
  },
  {
    "value": "Operatic marches",
    "synonyms": [
      "Operatic marches"
    ]
  },
  {
    "value": "Orchestral",
    "synonyms": [
      "Orchestral"
    ]
  },
  {
    "value": "Organ",
    "synonyms": [
      "Organ"
    ]
  },
  {
    "value": "Paramount",
    "synonyms": [
      "Paramount"
    ]
  },
  {
    "value": "Parody",
    "synonyms": [
      "Parody"
    ]
  },
  {
    "value": "Piano",
    "synonyms": [
      "Piano"
    ]
  },
  {
    "value": "Poem",
    "synonyms": [
      "Poem"
    ]
  },
  {
    "value": "Polish",
    "synonyms": [
      "Polish"
    ]
  },
  {
    "value": "Political",
    "synonyms": [
      "Political"
    ]
  },
  {
    "value": "Polka",
    "synonyms": [
      "Polka"
    ]
  },
  {
    "value": "Pop",
    "synonyms": [
      "Pop"
    ]
  },
  {
    "value": "Pop Instrumental",
    "synonyms": [
      "Pop Instrumental"
    ]
  },
  {
    "value": "Pop Vocal",
    "synonyms": [
      "Pop Vocal"
    ]
  },
  {
    "value": "Pop Vocals",
    "synonyms": [
      "Pop Vocals"
    ]
  },
  {
    "value": "Popular",
    "synonyms": [
      "Popular",
      "Popular Music",
      "Popular song"
    ]
  },
  {
    "value": "Promotional",
    "synonyms": [
      "Promotional"
    ]
  },
  {
    "value": "R B",
    "synonyms": [
      "R B"
    ]
  },
  {
    "value": "Ragtime",
    "synonyms": [
      "Ragtime"
    ]
  },
  {
    "value": "Religious",
    "synonyms": [
      "Religious"
    ]
  },
  {
    "value": "Rhumba",
    "synonyms": [
      "Rhumba"
    ]
  },
  {
    "value": "Rhythm",
    "synonyms": [
      "Rhythm"
    ]
  },
  {
    "value": "Rhythm   Blues",
    "synonyms": [
      "Rhythm   Blues"
    ]
  },
  {
    "value": "Rock   Roll Rhythm   Blues",
    "synonyms": [
      "Rock   Roll Rhythm   Blues"
    ]
  },
  {
    "value": "Rock Roll",
    "synonyms": [
      "Rock Roll"
    ]
  },
  {
    "value": "Rock and Roll",
    "synonyms": [
      "Rock and Roll"
    ]
  },
  {
    "value": "Rock\u0027n\u0027Roll",
    "synonyms": [
      "Rock\u0027n\u0027Roll"
    ]
  },
  {
    "value": "Rockabilly",
    "synonyms": [
      "Rockabilly"
    ]
  },
  {
    "value": "Romantic",
    "synonyms": [
      "Romantic"
    ]
  },
  {
    "value": "Romany",
    "synonyms": [
      "Romany"
    ]
  },
  {
    "value": "Rumba",
    "synonyms": [
      "Rumba"
    ]
  },
  {
    "value": "Russian",
    "synonyms": [
      "Russian"
    ]
  },
  {
    "value": "Russian Folk Song",
    "synonyms": [
      "Russian Folk Song"
    ]
  },
  {
    "value": "Sacred",
    "synonyms": [
      "Sacred"
    ]
  },
  {
    "value": "Samba",
    "synonyms": [
      "Samba"
    ]
  },
  {
    "value": "Scandinavian",
    "synonyms": [
      "Scandinavian"
    ]
  },
  {
    "value": "Scat Vocal",
    "synonyms": [
      "Scat Vocal"
    ]
  },
  {
    "value": "Sea Chantey",
    "synonyms": [
      "Sea Chantey"
    ]
  },
  {
    "value": "Sound Effects",
    "synonyms": [
      "Sound Effects"
    ]
  },
  {
    "value": "Soundtrack",
    "synonyms": [
      "Soundtrack"
    ]
  },
  {
    "value": "Speech",
    "synonyms": [
      "Speech"
    ]
  },
  {
    "value": "Spiritual",
    "synonyms": [
      "Spiritual"
    ]
  },
  {
    "value": "Spoken",
    "synonyms": [
      "Spoken"
    ]
  },
  {
    "value": "Spoken Word",
    "synonyms": [
      "Spoken Word"
    ]
  },
  {
    "value": "Spoken World",
    "synonyms": [
      "Spoken World"
    ]
  },
  {
    "value": "Square Dance",
    "synonyms": [
      "Square Dance"
    ]
  },
  {
    "value": "Square Dancing",
    "synonyms": [
      "Square Dancing"
    ]
  },
  {
    "value": "Square Dancing with Calls",
    "synonyms": [
      "Square Dancing with Calls"
    ]
  },
  {
    "value": "Stomp",
    "synonyms": [
      "Stomp"
    ]
  },
  {
    "value": "Story",
    "synonyms": [
      "Story"
    ]
  },
  {
    "value": "Swedish",
    "synonyms": [
      "Swedish"
    ]
  },
  {
    "value": "Swing",
    "synonyms": [
      "Swing"
    ]
  },
  {
    "value": "Synthesizer",
    "synonyms": [
      "Synthesizer"
    ]
  },
  {
    "value": "Tango",
    "synonyms": [
      "Tango"
    ]
  },
  {
    "value": "Tenor",
    "synonyms": [
      "Tenor"
    ]
  },
  {
    "value": "Theatre",
    "synonyms": [
      "Theatre"
    ]
  },
  {
    "value": "Torch Song",
    "synonyms": [
      "Torch Song"
    ]
  },
  {
    "value": "Traditional Czech",
    "synonyms": [
      "Traditional Czech"
    ]
  },
  {
    "value": "Two-Step",
    "synonyms": [
      "Two-Step"
    ]
  },
  {
    "value": "Ukelele Music",
    "synonyms": [
      "Ukelele Music"
    ]
  },
  {
    "value": "Vaudeville",
    "synonyms": [
      "Vaudeville"
    ]
  },
  {
    "value": "Verismo",
    "synonyms": [
      "Verismo"
    ]
  },
  {
    "value": "Vocadance",
    "synonyms": [
      "Vocadance"
    ]
  },
  {
    "value": "Vocal",
    "synonyms": [
      "Vocal"
    ]
  },
  {
    "value": "Vocal Duet",
    "synonyms": [
      "Vocal Duet"
    ]
  },
  {
    "value": "Vocal Group",
    "synonyms": [
      "Vocal Group"
    ]
  },
  {
    "value": "Vocal Quartet",
    "synonyms": [
      "Vocal Quartet"
    ]
  },
  {
    "value": "Waltz",
    "synonyms": [
      "Waltz"
    ]
  },
  {
    "value": "Western",
    "synonyms": [
      "Western"
    ]
  },
  {
    "value": "Western Swing",
    "synonyms": [
      "Western Swing"
    ]
  },
  {
    "value": "Whistling",
    "synonyms": [
      "Whistling"
    ]
  },
  {
    "value": "Whistling Music",
    "synonyms": [
      "Whistling Music"
    ]
  },
  {
    "value": "Whistling arrangement",
    "synonyms": [
      "Whistling arrangement"
    ]
  },
  {
    "value": "Xylophone Solo with Orchestra",
    "synonyms": [
      "Xylophone Solo with Orchestra"
    ]
  },
  {
    "value": "Yiddish",
    "synonyms": [
      "Yiddish"
    ]
  },
  {
    "value": "Yodel",
    "synonyms": [
      "Yodel"
    ]
  },
  {
    "value": "Yodeling",
    "synonyms": [
      "Yodeling"
    ]
  },
  {
    "value": "a cappella",
    "synonyms": [
      "a cappella"
    ]
  },
  {
    "value": "accordian",
    "synonyms": [
      "accordian"
    ]
  },
  {
    "value": "acoustic",
    "synonyms": [
      "acoustic"
    ]
  },
  {
    "value": "childrens",
    "synonyms": [
      "childrens"
    ]
  },
  {
    "value": "greek",
    "synonyms": [
      "greek"
    ]
  },
  {
    "value": "hip Rhymes",
    "synonyms": [
      "hip Rhymes"
    ]
  },
  {
    "value": "musical theatre",
    "synonyms": [
      "musical theatre"
    ]
  },
  {
    "value": "op",
    "synonyms": [
      "op"
    ]
  },
  {
    "value": "operatic marches and choruses",
    "synonyms": [
      "operatic marches and choruses"
    ]
  },
  {
    "value": "operetta",
    "synonyms": [
      "operetta"
    ]
  },
  {
    "value": "rock",
    "synonyms": [
      "rock"
    ]
  },
  {
    "value": "violin solo",
    "synonyms": [
      "violin solo"
    ]
  },
  {
    "value": "ukrainian",
    "synonyms": [
      "ukrainian",
      "ukraine"
    ]
  },
  {
    "value": "Symphon*",
    "synonyms": [
      "Symphony",
      "symphonies"
    ]
  },
  {
    "value": "Concert",
    "synonyms": [
      "Concert",
      "Concertos"
    ]
  },
  {
    "value": "Sonata",
    "synonyms": [
      "Sonata"
    ]
  },
  {
    "value": "Suite",
    "synonyms": [
      "Suite"
    ]
  },
  {
    "value": "Overture",
    "synonyms": [
      "Overture"
    ]
  }
]