[
  {
    "value": "natural",
    "synonyms": [
      "as in album",
      "as in cd",
      "as it is",
      "by songs",
      "in order",
      "natural"
    ]
  },
  {
    "value": "random",
    "synonyms": [
      "all",
      "any",
      "random",
      "randomly",
      "some",
      "best"
    ]
  },
  {
    "value": "the latest episode",
    "synonyms": [
      "the latest episode"
    ]
  },
  {
    "value": "best",
    "synonyms": [
      "best",
      "the best",
      "your choice"
    ]
  }
]