[
  {
    "id": "c94f7944-6e0a-4975-bf39-b02e0247b13f",
    "data": [
      {
        "text": "keep playing this",
        "userDefined": false
      }
    ],
    "isTemplate": false,
    "count": 0,
    "updated": 1542205069
  },
  {
    "id": "afa37341-ebc9-4b13-aa5a-ba6d0fbeab71",
    "data": [
      {
        "text": "repeat",
        "userDefined": false
      }
    ],
    "isTemplate": false,
    "count": 0,
    "updated": 1542205069
  },
  {
    "id": "c4e8e7ee-1e06-4cae-a051-89fb2a5f5d29",
    "data": [
      {
        "text": "loop",
        "meta": "@sys.ignore",
        "userDefined": false
      },
      {
        "text": " ",
        "userDefined": false
      },
      {
        "text": "on",
        "meta": "@sys.ignore",
        "userDefined": false
      }
    ],
    "isTemplate": false,
    "count": 0,
    "updated": 1542205069
  }
]