[
  {
    "id": "79a24907-4383-4294-ad38-f6e8f76be668",
    "data": [
      {
        "text": "shut up and get lost",
        "userDefined": false
      }
    ],
    "isTemplate": false,
    "count": 0,
    "updated": 0
  },
  {
    "id": "101d837b-b5a8-4e76-b592-b13ecac1af85",
    "data": [
      {
        "text": "hey Google please take me out of this stupid",
        "userDefined": false
      }
    ],
    "isTemplate": false,
    "count": 0,
    "updated": 0
  },
  {
    "id": "2614f769-dd58-42e1-a9c8-535b203813d6",
    "data": [
      {
        "text": "stop this nonsense",
        "userDefined": false
      }
    ],
    "isTemplate": false,
    "count": 0,
    "updated": 0
  }
]