[
  {
    "id": "885bd577-825f-403a-8e32-c682f4e09163",
    "data": [
      {
        "text": "skip forward",
        "userDefined": false
      }
    ],
    "isTemplate": false,
    "count": 0,
    "updated": 1542128540
  },
  {
    "id": "e292c785-3b48-43ed-bd51-6a9c460fad82",
    "data": [
      {
        "text": "skip",
        "userDefined": false
      }
    ],
    "isTemplate": false,
    "count": 0,
    "updated": 1542128540
  },
  {
    "id": "58100d6f-25ea-4886-a6c4-9e79da688fc2",
    "data": [
      {
        "text": "next ",
        "userDefined": false
      },
      {
        "text": "song",
        "alias": "media-types",
        "meta": "@media-types",
        "userDefined": false
      }
    ],
    "isTemplate": false,
    "count": 0,
    "updated": 1542128540
  },
  {
    "id": "6507b6ff-95b7-4025-bba3-ddb685e0d78c",
    "data": [
      {
        "text": "next",
        "userDefined": false
      }
    ],
    "isTemplate": false,
    "count": 0,
    "updated": 1542128540
  }
]