[
  {
    "id": "070e393e-0fe8-4aca-b3ce-aff55a32bda2",
    "data": [
      {
        "text": "Noe",
        "userDefined": false
      }
    ],
    "isTemplate": false,
    "count": 1,
    "updated": 0
  },
  {
    "id": "f270e1ff-87c1-4ec5-a46b-7d63503550f6",
    "data": [
      {
        "text": "nope",
        "userDefined": false
      }
    ],
    "isTemplate": false,
    "count": 0,
    "updated": 1541169192
  },
  {
    "id": "e94403b7-ebae-4857-a85d-7654ceff3b6b",
    "data": [
      {
        "text": "no",
        "userDefined": false
      }
    ],
    "isTemplate": false,
    "count": 0,
    "updated": 1541169192
  }
]