[
  {
    "id": "c5fcc8b3-3f51-4e82-85d5-86ce345b20c9",
    "data": [
      {
        "text": "rewind",
        "userDefined": false
      }
    ],
    "isTemplate": false,
    "count": 0,
    "updated": 1542128740
  },
  {
    "id": "6425b77e-9a2b-485d-8648-02f93c761298",
    "data": [
      {
        "text": "go back",
        "userDefined": false
      }
    ],
    "isTemplate": false,
    "count": 0,
    "updated": 1542128740
  },
  {
    "id": "d7309bb9-76d9-448f-b37e-2cd64beaf2bf",
    "data": [
      {
        "text": "skip back",
        "userDefined": false
      }
    ],
    "isTemplate": false,
    "count": 0,
    "updated": 1542128740
  },
  {
    "id": "c2f45d2e-81fc-4354-b51c-d2a11fe26233",
    "data": [
      {
        "text": "previous ",
        "userDefined": false
      },
      {
        "text": "song",
        "alias": "media-types",
        "meta": "@media-types",
        "userDefined": false
      }
    ],
    "isTemplate": false,
    "count": 0,
    "updated": 1542128740
  },
  {
    "id": "5693e9ce-ea27-4a5f-91c9-c9fbf4dff7cd",
    "data": [
      {
        "text": "previous",
        "userDefined": false
      }
    ],
    "isTemplate": false,
    "count": 0,
    "updated": 1542128740
  }
]