[
  {
    "id": "1165f107-9d29-4f30-a8e7-3868bbbecf05",
    "data": [
      {
        "text": "read Moby Dick Chapter Three",
        "userDefined": false
      }
    ],
    "isTemplate": false,
    "count": 0,
    "updated": 1535114338
  },
  {
    "id": "ecf39492-cce4-4021-aa4d-596398730b02",
    "data": [
      {
        "text": "read Moby Dick Chapter ",
        "userDefined": false
      },
      {
        "text": "3",
        "meta": "@sys.ignore",
        "userDefined": false
      }
    ],
    "isTemplate": false,
    "count": 0,
    "updated": 1535114338
  }
]