[
  {
    "id": "e6bac57e-d2f5-41f6-ba5b-c60651251bb9",
    "data": [
      {
        "text": "what\u0027s that noise",
        "userDefined": false
      }
    ],
    "isTemplate": false,
    "count": 0,
    "updated": 1540845603
  },
  {
    "id": "b838f801-4ef7-41a8-aa2b-c3bc89e6ad45",
    "data": [
      {
        "text": "what is it",
        "userDefined": false
      }
    ],
    "isTemplate": false,
    "count": 0,
    "updated": 1540845603
  },
  {
    "id": "e5da3eae-f1bc-42d5-9f9a-9ea5a67720d5",
    "data": [
      {
        "text": "what does it play",
        "userDefined": false
      }
    ],
    "isTemplate": false,
    "count": 0,
    "updated": 1540845603
  },
  {
    "id": "64a043ab-ccea-407f-a6f1-9fecac025013",
    "data": [
      {
        "text": "what is playing ",
        "userDefined": false
      },
      {
        "text": "right now",
        "meta": "@sys.ignore",
        "userDefined": false
      }
    ],
    "isTemplate": false,
    "count": 0,
    "updated": 1540845603
  },
  {
    "id": "d06d910f-ea91-4316-88f7-16aee403776e",
    "data": [
      {
        "text": "what is playing",
        "userDefined": false
      }
    ],
    "isTemplate": false,
    "count": 0,
    "updated": 1540845603
  },
  {
    "id": "a6f23a08-2946-41ad-85ca-063c35a111aa",
    "data": [
      {
        "text": "what is that",
        "userDefined": false
      }
    ],
    "isTemplate": false,
    "count": 0,
    "updated": 1540845603
  },
  {
    "id": "3325b85b-ba4e-449b-a1af-7747b4ef7051",
    "data": [
      {
        "text": "what is this",
        "userDefined": false
      }
    ],
    "isTemplate": false,
    "count": 0,
    "updated": 1540845603
  },
  {
    "id": "83685208-5ce4-43da-a6aa-7347bf521698",
    "data": [
      {
        "text": "what ",
        "userDefined": false
      },
      {
        "text": "song",
        "alias": "media-types",
        "meta": "@media-types",
        "userDefined": true
      },
      {
        "text": " is that",
        "userDefined": false
      }
    ],
    "isTemplate": false,
    "count": 0,
    "updated": 1540845603
  },
  {
    "id": "399c6726-b465-4797-a2f4-974692aa8853",
    "data": [
      {
        "text": "what ",
        "userDefined": false
      },
      {
        "text": "song",
        "alias": "media-types",
        "meta": "@media-types",
        "userDefined": true
      },
      {
        "text": " is it",
        "userDefined": false
      }
    ],
    "isTemplate": false,
    "count": 0,
    "updated": 1540845603
  },
  {
    "id": "0b885479-f394-46c5-8a5e-05b3d5bd4e0a",
    "data": [
      {
        "text": "what ",
        "userDefined": false
      },
      {
        "text": "song",
        "alias": "media-types",
        "meta": "@media-types",
        "userDefined": true
      },
      {
        "text": " ",
        "userDefined": false
      },
      {
        "text": "is",
        "meta": "@sys.ignore",
        "userDefined": false
      },
      {
        "text": " this",
        "userDefined": false
      }
    ],
    "isTemplate": false,
    "count": 0,
    "updated": 1540845603
  },
  {
    "id": "5149b05f-0964-487c-aa59-b4286abfa88c",
    "data": [
      {
        "text": "which ",
        "userDefined": false
      },
      {
        "text": "song",
        "alias": "media-types",
        "meta": "@media-types",
        "userDefined": true
      },
      {
        "text": " i am listening",
        "userDefined": false
      }
    ],
    "isTemplate": false,
    "count": 0,
    "updated": 1540837626
  },
  {
    "id": "0a91c18b-4c2f-4dfd-ada0-2757bcf96716",
    "data": [
      {
        "text": "what ",
        "userDefined": false
      },
      {
        "text": "song",
        "alias": "media-types",
        "meta": "@media-types",
        "userDefined": true
      },
      {
        "text": " i am listening",
        "userDefined": false
      }
    ],
    "isTemplate": false,
    "count": 0,
    "updated": 1540837626
  },
  {
    "id": "3038fac6-df82-4181-803f-a1a1aa37474b",
    "data": [
      {
        "text": "which ",
        "userDefined": false
      },
      {
        "text": "song",
        "alias": "media-types",
        "meta": "@media-types",
        "userDefined": true
      },
      {
        "text": " ",
        "userDefined": false
      },
      {
        "text": "is",
        "meta": "@sys.ignore",
        "userDefined": false
      },
      {
        "text": " this",
        "userDefined": false
      }
    ],
    "isTemplate": false,
    "count": 0,
    "updated": 1540837626
  }
]