[
  {
    "id": "7548a1b1-e6c0-42b9-80cf-c55e9a4a2a14",
    "data": [
      {
        "text": "start again",
        "userDefined": false
      }
    ],
    "isTemplate": false,
    "count": 0,
    "updated": 1541454883
  },
  {
    "id": "9d5c42aa-649e-4bfe-8613-17cf1e30e244",
    "data": [
      {
        "text": "restart",
        "userDefined": false
      }
    ],
    "isTemplate": false,
    "count": 0,
    "updated": 1541454883
  },
  {
    "id": "aee768e8-3823-4e06-93e7-957d89da97ce",
    "data": [
      {
        "text": "start over",
        "userDefined": false
      }
    ],
    "isTemplate": false,
    "count": 0,
    "updated": 1541454883
  }
]