[
  {
    "id": "e9c52974-c150-40e5-bc5d-c3547790a600",
    "data": [
      {
        "text": "What version ",
        "userDefined": false
      },
      {
        "text": "is",
        "meta": "@sys.ignore",
        "userDefined": false
      },
      {
        "text": " this?",
        "userDefined": false
      }
    ],
    "isTemplate": false,
    "count": 0,
    "updated": 1523430989
  },
  {
    "id": "13afa526-2092-48c8-bc68-88dca7ac4bb5",
    "data": [
      {
        "text": "What is the version of app?",
        "userDefined": false
      }
    ],
    "isTemplate": false,
    "count": 0,
    "updated": 1523430989
  },
  {
    "id": "b5b029ff-e176-4fd0-a13c-9bee08a945f9",
    "data": [
      {
        "text": "Tell me the version of app?",
        "userDefined": false
      }
    ],
    "isTemplate": false,
    "count": 0,
    "updated": 1523430989
  },
  {
    "id": "7951db07-5211-40b4-91a9-9e1febd324e7",
    "data": [
      {
        "text": "Version",
        "userDefined": false
      }
    ],
    "isTemplate": false,
    "count": 0,
    "updated": 1523430989
  }
]