[
  {
    "id": "d74c3044-8518-4c10-81cf-8ee9e70fee35",
    "data": [
      {
        "text": "Hello",
        "userDefined": false
      }
    ],
    "isTemplate": false,
    "count": 0,
    "updated": 1524246293
  },
  {
    "id": "229b3ccf-2e0a-451c-b1ca-691aa84d7dc0",
    "data": [
      {
        "text": "reset",
        "userDefined": false
      }
    ],
    "isTemplate": false,
    "count": 0,
    "updated": 1524246293
  },
  {
    "id": "d1858ac8-2286-4933-86c6-d1424a8620f0",
    "data": [
      {
        "text": "Hi",
        "userDefined": false
      }
    ],
    "isTemplate": false,
    "count": 0,
    "updated": 1524246293
  },
  {
    "id": "237b9668-afd7-443b-853f-0d1594fcaf58",
    "data": [
      {
        "text": "Internet Archive",
        "userDefined": false
      }
    ],
    "isTemplate": false,
    "count": 0,
    "updated": 1524246293
  },
  {
    "id": "270ccd11-ae5c-44de-beeb-0cd55306cbdb",
    "data": [
      {
        "text": "Welcome",
        "userDefined": false
      }
    ],
    "isTemplate": false,
    "count": 0,
    "updated": 1524246293
  }
]