[
  {
    "id": "6d5025b3-6c1c-42ac-931b-ea21bc5b5425",
    "data": [
      {
        "text": "ok",
        "userDefined": false
      }
    ],
    "isTemplate": false,
    "count": 0,
    "updated": 1522261291
  },
  {
    "id": "f80469af-6d15-43be-b20d-caca28807dbb",
    "data": [
      {
        "text": "I agree",
        "userDefined": false
      }
    ],
    "isTemplate": false,
    "count": 1,
    "updated": 1522261291
  },
  {
    "id": "8e5af2cf-af3f-432c-9d37-407448f51189",
    "data": [
      {
        "text": "sure",
        "userDefined": false
      }
    ],
    "isTemplate": false,
    "count": 2,
    "updated": 1522261291
  },
  {
    "id": "e7d80016-7c7f-4907-9740-8af29d170cac",
    "data": [
      {
        "text": "exactly",
        "userDefined": false
      }
    ],
    "isTemplate": false,
    "count": 0,
    "updated": 1522261291
  },
  {
    "id": "f500538c-928f-4968-bdc7-e8d5e20a10d9",
    "data": [
      {
        "text": "confirm",
        "userDefined": false
      }
    ],
    "isTemplate": false,
    "count": 1,
    "updated": 1522261291
  },
  {
    "id": "2645f42b-e7c3-44f8-97b2-e8ec41488aa7",
    "data": [
      {
        "text": "sounds good",
        "userDefined": false
      }
    ],
    "isTemplate": false,
    "count": 0,
    "updated": 1522261291
  },
  {
    "id": "80ac1861-1c66-4e39-a1d1-52c04625240a",
    "data": [
      {
        "text": "yes",
        "userDefined": false
      }
    ],
    "isTemplate": false,
    "count": 0,
    "updated": 1522261291
  },
  {
    "id": "27f95a84-e046-41ce-93b6-f939b9af214b",
    "data": [
      {
        "text": "okay",
        "userDefined": false
      }
    ],
    "isTemplate": false,
    "count": 0,
    "updated": 1522261291
  },
  {
    "id": "ba47a464-4684-44da-af4b-1b835eba0e8e",
    "data": [
      {
        "text": "that\u0027s correct",
        "userDefined": false
      }
    ],
    "isTemplate": false,
    "count": 0,
    "updated": 1522261291
  },
  {
    "id": "743f0b1f-b5c1-4416-afa9-1319ae438614",
    "data": [
      {
        "text": "of course",
        "userDefined": false
      }
    ],
    "isTemplate": false,
    "count": 0,
    "updated": 1522261291
  },
  {
    "id": "788abeeb-211e-4249-a74a-188a68da76a7",
    "data": [
      {
        "text": "do it",
        "userDefined": false
      }
    ],
    "isTemplate": false,
    "count": 1,
    "updated": 1522261291
  },
  {
    "id": "19d05b1e-8c63-4fdc-bf0b-28a81a7b272e",
    "data": [
      {
        "text": "I don\u0027t mind",
        "userDefined": false
      }
    ],
    "isTemplate": false,
    "count": 0,
    "updated": 1522261291
  }
]