[
  {
    "id": "13ece370-a27a-47b6-89dd-2bd57e5994cf",
    "data": [
      {
        "text": "Play another artist",
        "userDefined": false
      }
    ],
    "isTemplate": false,
    "count": 0,
    "updated": 0
  },
  {
    "id": "d23fce33-8dd9-4c87-9ceb-3dc5ec1daaed",
    "data": [
      {
        "text": "change artist",
        "userDefined": false
      }
    ],
    "isTemplate": false,
    "count": 0,
    "updated": 0
  },
  {
    "id": "1ae8b6be-1df0-430d-a8db-bfa4602ba7b2",
    "data": [
      {
        "text": "play a different artist",
        "userDefined": false
      }
    ],
    "isTemplate": false,
    "count": 0,
    "updated": 0
  },
  {
    "id": "1fe2257a-5dc5-431e-9073-6ce77ba53246",
    "data": [
      {
        "text": "another artist",
        "userDefined": false
      }
    ],
    "isTemplate": false,
    "count": 0,
    "updated": 0
  },
  {
    "id": "44964416-822f-4a0e-ab07-a4875bba36e7",
    "data": [
      {
        "text": "different artist",
        "userDefined": false
      }
    ],
    "isTemplate": false,
    "count": 0,
    "updated": 0
  }
]