[
  {
    "id": "bf05b8b3-1048-4698-8529-7a0e7abf77c7",
    "data": [
      {
        "text": "Not interested show me more",
        "userDefined": false
      }
    ],
    "isTemplate": false,
    "count": 0,
    "updated": 0
  },
  {
    "id": "5cc74370-a735-41ff-8b86-59d7a9477366",
    "data": [
      {
        "text": "Show me more",
        "userDefined": false
      }
    ],
    "isTemplate": false,
    "count": 0,
    "updated": 0
  },
  {
    "id": "fd449ecd-5627-41e6-acc6-84296a948414",
    "data": [
      {
        "text": "what else do you have",
        "userDefined": false
      }
    ],
    "isTemplate": false,
    "count": 0,
    "updated": 0
  },
  {
    "id": "d444abde-92e4-4cce-8be2-242f83d09ab7",
    "data": [
      {
        "text": "Please show me more",
        "userDefined": false
      }
    ],
    "isTemplate": false,
    "count": 0,
    "updated": 0
  },
  {
    "id": "66c2cd84-6f5e-4b4b-8cc0-f255799b0a33",
    "data": [
      {
        "text": "What else",
        "userDefined": false
      }
    ],
    "isTemplate": false,
    "count": 0,
    "updated": 0
  },
  {
    "id": "d09f4d8c-b96b-443f-a58e-48a83647bcf7",
    "data": [
      {
        "text": "Please Give me more",
        "userDefined": false
      }
    ],
    "isTemplate": false,
    "count": 0,
    "updated": 0
  },
  {
    "id": "128ffab3-2924-4690-a36b-666606a3c8cb",
    "data": [
      {
        "text": "Give me more",
        "userDefined": false
      }
    ],
    "isTemplate": false,
    "count": 0,
    "updated": 0
  }
]