[
  {
    "id": "57dec19a-e4f3-4525-9bf5-9b957f24368c",
    "data": [
      {
        "text": "OK Google",
        "userDefined": false
      }
    ],
    "isTemplate": false,
    "count": 0,
    "updated": 0
  },
  {
    "id": "7474aa33-67a1-4ca5-88ea-a8c664ee0efc",
    "data": [
      {
        "text": "do not play",
        "userDefined": false
      }
    ],
    "isTemplate": false,
    "count": 0,
    "updated": 0
  },
  {
    "id": "4fb2bc5c-c0cc-4f6b-b468-a95e9827a394",
    "data": [
      {
        "text": "leave internet archive",
        "userDefined": false
      }
    ],
    "isTemplate": false,
    "count": 0,
    "updated": 0
  },
  {
    "id": "7abc4901-c7d6-4aaf-882f-e5e26183a16e",
    "data": [
      {
        "text": "I want to go away I want to go back to the beginning goodbye stop",
        "userDefined": false
      }
    ],
    "isTemplate": false,
    "count": 0,
    "updated": 0
  },
  {
    "id": "0ff0c7f7-8495-4e3f-9870-30bb8dea6953",
    "data": [
      {
        "text": "no I\u0027d rather stop just end it",
        "userDefined": false
      }
    ],
    "isTemplate": false,
    "count": 0,
    "updated": 0
  },
  {
    "id": "5ff2e8c5-42bd-4438-8808-60f228515566",
    "data": [
      {
        "text": "home",
        "userDefined": false
      }
    ],
    "isTemplate": false,
    "count": 0,
    "updated": 0
  },
  {
    "id": "de10e27d-ef26-450b-8cf1-5cbb1f52ac60",
    "data": [
      {
        "text": "turn down the music",
        "userDefined": false
      }
    ],
    "isTemplate": false,
    "count": 1,
    "updated": 0
  },
  {
    "id": "87ab95ca-85cb-4f82-991b-bd6fa1028c3c",
    "data": [
      {
        "text": "go to sleep",
        "userDefined": false
      }
    ],
    "isTemplate": false,
    "count": 0,
    "updated": 0
  },
  {
    "id": "13f020e6-2a64-48c7-8edf-501f8cbe246f",
    "data": [
      {
        "text": "I am stuck in the loop",
        "userDefined": false
      }
    ],
    "isTemplate": false,
    "count": 0,
    "updated": 0
  },
  {
    "id": "0a5cb8ad-27be-4c4a-8df7-4a19c295f5ef",
    "data": [
      {
        "text": "stop the internet archive",
        "userDefined": false
      }
    ],
    "isTemplate": false,
    "count": 0,
    "updated": 0
  },
  {
    "id": "23f8782e-809d-4921-bd08-ad4a53301f10",
    "data": [
      {
        "text": "end session",
        "userDefined": false
      }
    ],
    "isTemplate": false,
    "count": 0,
    "updated": 0
  },
  {
    "id": "a513d2de-cede-4966-bd76-b077b953f3a0",
    "data": [
      {
        "text": "hey Google please",
        "userDefined": false
      }
    ],
    "isTemplate": false,
    "count": 0,
    "updated": 0
  },
  {
    "id": "6cf7f2fc-62a0-4e41-9dee-637fbfe753a7",
    "data": [
      {
        "text": "please take me out of this stupid St candidate place",
        "userDefined": false
      }
    ],
    "isTemplate": false,
    "count": 0,
    "updated": 0
  },
  {
    "id": "9d45ecd9-0153-4109-9615-e367707ed893",
    "data": [
      {
        "text": "exit if I done that by exit if I\u0027d done that",
        "userDefined": false
      }
    ],
    "isTemplate": false,
    "count": 1,
    "updated": 0
  },
  {
    "id": "61b9e65b-7eda-496f-8856-e29bbc77864d",
    "data": [
      {
        "text": "quite",
        "userDefined": false
      }
    ],
    "isTemplate": false,
    "count": 0,
    "updated": 0
  },
  {
    "id": "4474b0a2-26e2-45f9-8e1f-8a28e473eb53",
    "data": [
      {
        "text": "off",
        "meta": "@sys.ignore",
        "userDefined": false
      }
    ],
    "isTemplate": false,
    "count": 0,
    "updated": 0
  },
  {
    "id": "383d65aa-747a-4698-a2a5-777869ea1625",
    "data": [
      {
        "text": "don\u0027t talk",
        "userDefined": false
      }
    ],
    "isTemplate": false,
    "count": 0,
    "updated": 0
  },
  {
    "id": "e6b91824-747c-48b8-9d02-164e513f0874",
    "data": [
      {
        "text": "I want Google assistant",
        "userDefined": false
      }
    ],
    "isTemplate": false,
    "count": 0,
    "updated": 0
  },
  {
    "id": "621e35a7-b05a-43a7-9c9f-897e77aa6570",
    "data": [
      {
        "text": "I don\u0027t want to listen anything",
        "userDefined": false
      }
    ],
    "isTemplate": false,
    "count": 0,
    "updated": 0
  },
  {
    "id": "1898e1a7-a4f7-4544-8db6-b049356d2c64",
    "data": [
      {
        "text": "close",
        "userDefined": false
      }
    ],
    "isTemplate": false,
    "count": 0,
    "updated": 0
  },
  {
    "id": "963e3784-07f3-4d64-bb30-821f8a7d35f6",
    "data": [
      {
        "text": "goodbye",
        "userDefined": false
      }
    ],
    "isTemplate": false,
    "count": 0,
    "updated": 0
  },
  {
    "id": "528ccf17-1e1e-4bee-bf82-179b22217dd5",
    "data": [
      {
        "text": "none",
        "userDefined": false
      }
    ],
    "isTemplate": false,
    "count": 0,
    "updated": 0
  },
  {
    "id": "e801b9c8-facd-41b2-be28-89c6e41de014",
    "data": [
      {
        "text": "where\u0027s the lady",
        "userDefined": false
      }
    ],
    "isTemplate": false,
    "count": 0,
    "updated": 0
  }
]