[
  {
    "id": "4425c99b-5696-4491-8a16-ab78ef298020",
    "data": [
      {
        "text": "ask internet archive to help",
        "userDefined": false
      }
    ],
    "isTemplate": false,
    "count": 0,
    "updated": 0
  },
  {
    "id": "a21a7e99-93f1-4b4a-8f24-ddd652a3bccd",
    "data": [
      {
        "text": "show me how",
        "userDefined": false
      }
    ],
    "isTemplate": false,
    "count": 0,
    "updated": 0
  },
  {
    "id": "9cf087ad-ac70-499b-8efb-2c948f47b0b2",
    "data": [
      {
        "text": "what can you perform",
        "userDefined": false
      }
    ],
    "isTemplate": false,
    "count": 0,
    "updated": 0
  },
  {
    "id": "4295be88-4758-4d24-b259-c950dbca814c",
    "data": [
      {
        "text": "what can you do",
        "userDefined": false
      }
    ],
    "isTemplate": false,
    "count": 0,
    "updated": 0
  },
  {
    "id": "9343ef47-0e6c-42a8-830d-c70921e19aac",
    "data": [
      {
        "text": "what else can you do",
        "userDefined": false
      }
    ],
    "isTemplate": false,
    "count": 0,
    "updated": 0
  },
  {
    "id": "8354db39-6a44-43b0-930b-dfd9105a7407",
    "data": [
      {
        "text": "OK Google Voice guide",
        "userDefined": false
      }
    ],
    "isTemplate": false,
    "count": 0,
    "updated": 0
  },
  {
    "id": "a7db17e3-a479-4c6a-b3ae-18df2d0f31d7",
    "data": [
      {
        "text": "I don\u0027t know what you want",
        "userDefined": false
      }
    ],
    "isTemplate": false,
    "count": 0,
    "updated": 0
  },
  {
    "id": "85990aea-517e-4d94-9059-2918ae25150f",
    "data": [
      {
        "text": "hey Google we don\u0027t know what you want",
        "userDefined": false
      }
    ],
    "isTemplate": false,
    "count": 0,
    "updated": 0
  },
  {
    "id": "6e058dd2-afc9-4b33-b8e7-2f52290a2032",
    "data": [
      {
        "text": "I do not understand",
        "userDefined": false
      }
    ],
    "isTemplate": false,
    "count": 0,
    "updated": 0
  },
  {
    "id": "0bee1206-8fd1-40bf-bc94-65e3836f55ef",
    "data": [
      {
        "text": "what can you play",
        "userDefined": false
      }
    ],
    "isTemplate": false,
    "count": 0,
    "updated": 0
  },
  {
    "id": "dfc6969d-d19c-4f2f-aae3-94d120a7fdcf",
    "data": [
      {
        "text": "please help",
        "userDefined": false
      }
    ],
    "isTemplate": false,
    "count": 0,
    "updated": 0
  },
  {
    "id": "9e089311-f2b2-4868-8eaf-927d7b4c990b",
    "data": [
      {
        "text": "help ",
        "userDefined": false
      },
      {
        "text": "me",
        "meta": "@sys.ignore",
        "userDefined": false
      }
    ],
    "isTemplate": false,
    "count": 0,
    "updated": 0
  },
  {
    "id": "ef661e10-e627-4dd3-97b3-b5d876aaca60",
    "data": [
      {
        "text": "can you help ",
        "userDefined": false
      },
      {
        "text": "me",
        "meta": "@sys.ignore",
        "userDefined": false
      }
    ],
    "isTemplate": false,
    "count": 0,
    "updated": 0
  },
  {
    "id": "1fdd3fcb-901f-4964-8b86-12b59f815096",
    "data": [
      {
        "text": "what can I do",
        "userDefined": false
      }
    ],
    "isTemplate": false,
    "count": 0,
    "updated": 0
  },
  {
    "id": "f6a9bfc7-bd20-4160-b4dd-8a35f92e4b65",
    "data": [
      {
        "text": "help",
        "userDefined": false
      }
    ],
    "isTemplate": false,
    "count": 0,
    "updated": 0
  }
]