[
  {
    "id": "fe200996-16da-4134-9deb-3d284249f27a",
    "data": [
      {
        "text": "ask internet archive to play ",
        "userDefined": false
      },
      {
        "text": "jazz",
        "alias": "subject",
        "meta": "@genres",
        "userDefined": true
      },
      {
        "text": " from ",
        "userDefined": false
      },
      {
        "text": "78s",
        "alias": "collectionId",
        "meta": "@collections",
        "userDefined": true
      }
    ],
    "isTemplate": false,
    "count": 0,
    "updated": 0
  },
  {
    "id": "358ab1ac-8005-4bd5-9d3d-0240cda7ba70",
    "data": [
      {
        "text": "listen to ",
        "userDefined": false
      },
      {
        "text": "instrumental",
        "alias": "subject",
        "meta": "@genres",
        "userDefined": true
      }
    ],
    "isTemplate": false,
    "count": 0,
    "updated": 0
  },
  {
    "id": "5b43e13f-b27a-4b26-9e13-1d9134ed3ba1",
    "data": [
      {
        "text": "play ",
        "userDefined": false
      },
      {
        "text": "some",
        "alias": "order",
        "meta": "@order",
        "userDefined": true
      },
      {
        "text": " music for me",
        "userDefined": false
      }
    ],
    "isTemplate": false,
    "count": 0,
    "updated": 0
  },
  {
    "id": "073f035e-f448-4f75-b108-f915bf66b363",
    "data": [
      {
        "text": "play me ",
        "userDefined": false
      },
      {
        "text": "some",
        "alias": "order",
        "meta": "@order",
        "userDefined": true
      },
      {
        "text": " music",
        "userDefined": false
      }
    ],
    "isTemplate": false,
    "count": 0,
    "updated": 0
  },
  {
    "id": "b212022c-7fe9-4870-ace8-c2b33bd3e7a3",
    "data": [
      {
        "text": "play in order ",
        "userDefined": false
      },
      {
        "text": "concerts",
        "alias": "collectionId",
        "meta": "@collections",
        "userDefined": true
      },
      {
        "text": " from ",
        "userDefined": false
      },
      {
        "text": "mountainview",
        "alias": "coverage",
        "meta": "@sys.geo-city",
        "userDefined": true
      },
      {
        "text": " ca",
        "userDefined": false
      }
    ],
    "isTemplate": false,
    "count": 0,
    "updated": 0
  },
  {
    "id": "0e8e4c90-ebf8-42ab-ab70-6b10cccec17f",
    "data": [
      {
        "text": "play ",
        "userDefined": false
      },
      {
        "text": "concerts",
        "alias": "collectionId",
        "meta": "@collections",
        "userDefined": false
      },
      {
        "text": " from ",
        "userDefined": false
      },
      {
        "text": "nyc",
        "alias": "coverage",
        "meta": "@sys.geo-city",
        "userDefined": false
      },
      {
        "text": " ",
        "userDefined": false
      },
      {
        "text": "ny",
        "meta": "@sys.ignore",
        "userDefined": false
      }
    ],
    "isTemplate": false,
    "count": 0,
    "updated": 0
  },
  {
    "id": "82a9d6be-8f52-494c-b5bb-748599b98122",
    "data": [
      {
        "text": "listen to classic ",
        "userDefined": false
      },
      {
        "text": "rock and roll",
        "alias": "subject",
        "meta": "@genres",
        "userDefined": false
      }
    ],
    "isTemplate": false,
    "count": 0,
    "updated": 0
  },
  {
    "id": "ae988d94-723f-4b1e-b930-01745408e8b6",
    "data": [
      {
        "text": "play ",
        "userDefined": false
      },
      {
        "text": "jazz",
        "alias": "subject",
        "meta": "@genres",
        "userDefined": true
      },
      {
        "text": " ",
        "userDefined": false
      },
      {
        "text": "78s",
        "alias": "collectionId",
        "meta": "@collections",
        "userDefined": true
      },
      {
        "text": " from ",
        "userDefined": false
      },
      {
        "text": "1923",
        "alias": "year",
        "meta": "@sys.number-integer",
        "userDefined": true
      }
    ],
    "isTemplate": false,
    "count": 0,
    "updated": 0
  },
  {
    "id": "06f30e77-8bb4-45bb-b7f0-9f0c42c37b5c",
    "data": [
      {
        "text": "play music of ",
        "userDefined": false
      },
      {
        "text": "2018",
        "alias": "year",
        "meta": "@sys.number-integer",
        "userDefined": true
      }
    ],
    "isTemplate": false,
    "count": 0,
    "updated": 0
  },
  {
    "id": "29256924-88ce-4e13-8299-90247006ad9f",
    "data": [
      {
        "text": "play ",
        "userDefined": false
      },
      {
        "text": "me",
        "meta": "@sys.ignore",
        "userDefined": false
      },
      {
        "text": " ",
        "userDefined": false
      },
      {
        "text": "some",
        "alias": "order",
        "meta": "@order",
        "userDefined": true
      },
      {
        "text": " music and turn it up so I can actually ",
        "userDefined": false
      },
      {
        "text": "hear",
        "meta": "@sys.ignore",
        "userDefined": false
      },
      {
        "text": " it",
        "userDefined": false
      }
    ],
    "isTemplate": false,
    "count": 0,
    "updated": 0
  },
  {
    "id": "cfd1bab5-97fe-4180-9b48-8b264e3ed8dc",
    "data": [
      {
        "text": "play ",
        "userDefined": false
      },
      {
        "text": "2018",
        "alias": "year",
        "meta": "@sys.number-integer",
        "userDefined": true
      },
      {
        "text": " year",
        "userDefined": false
      }
    ],
    "isTemplate": false,
    "count": 0,
    "updated": 0
  },
  {
    "id": "fa04db74-b110-4d65-a2d6-2857a34e3ffe",
    "data": [
      {
        "text": "play ",
        "userDefined": false
      },
      {
        "text": "2018",
        "alias": "year",
        "meta": "@sys.number-integer",
        "userDefined": true
      }
    ],
    "isTemplate": false,
    "count": 0,
    "updated": 0
  },
  {
    "id": "2f3aa97c-ff32-4ac1-aeb0-b6659658decb",
    "data": [
      {
        "text": "randomly",
        "alias": "order",
        "meta": "@order",
        "userDefined": true
      },
      {
        "text": " play ",
        "userDefined": false
      },
      {
        "text": "jazz",
        "alias": "subject",
        "meta": "@genres",
        "userDefined": true
      },
      {
        "text": " ",
        "userDefined": false
      },
      {
        "text": "78s",
        "alias": "collectionId",
        "meta": "@collections",
        "userDefined": true
      }
    ],
    "isTemplate": false,
    "count": 1,
    "updated": 0
  },
  {
    "id": "f8fa842c-6e1b-468b-882f-f0d40171ecbc",
    "data": [
      {
        "text": "just play it ",
        "userDefined": false
      },
      {
        "text": "randomly",
        "alias": "order",
        "meta": "@order",
        "userDefined": true
      }
    ],
    "isTemplate": false,
    "count": 0,
    "updated": 0
  },
  {
    "id": "4e973d33-569e-4ab0-9966-82ead3ea1c8e",
    "data": [
      {
        "text": "play ",
        "userDefined": false
      },
      {
        "text": "Xmas",
        "alias": "subject",
        "meta": "@genres",
        "userDefined": false
      }
    ],
    "isTemplate": false,
    "count": 0,
    "updated": 0
  },
  {
    "id": "53ea79ce-b63c-4398-9bcc-709cc4b785cb",
    "data": [
      {
        "text": "play ",
        "userDefined": false
      },
      {
        "text": "Christmas",
        "alias": "subject",
        "meta": "@genres",
        "userDefined": false
      }
    ],
    "isTemplate": false,
    "count": 0,
    "updated": 0
  },
  {
    "id": "07753eea-153e-4d92-9459-a4490b6bbbb1",
    "data": [
      {
        "text": "play some ",
        "userDefined": false
      },
      {
        "text": "1920",
        "alias": "year",
        "meta": "@sys.number-integer",
        "userDefined": false
      },
      {
        "text": " ",
        "userDefined": false
      },
      {
        "text": "ragtime",
        "alias": "subject",
        "meta": "@genres",
        "userDefined": false
      }
    ],
    "isTemplate": false,
    "count": 1,
    "updated": 0
  },
  {
    "id": "dad1ef0f-cf10-48cc-8460-3997bf536958",
    "data": [
      {
        "text": "play music",
        "userDefined": false
      }
    ],
    "isTemplate": false,
    "count": 0,
    "updated": 0
  },
  {
    "id": "dabb6085-11a8-43b0-8d2c-dd14ed7c7a63",
    "data": [
      {
        "text": "play",
        "userDefined": false
      }
    ],
    "isTemplate": false,
    "count": 0,
    "updated": 0
  },
  {
    "id": "167a8fdf-2d50-42f8-8472-59606edf22be",
    "data": [
      {
        "text": "play ",
        "userDefined": false
      },
      {
        "text": "German",
        "alias": "subject",
        "meta": "@genres",
        "userDefined": false
      }
    ],
    "isTemplate": false,
    "count": 0,
    "updated": 0
  },
  {
    "id": "78105fdd-fecf-436d-b2ba-daea95c6bfb2",
    "data": [
      {
        "text": "play ",
        "userDefined": false
      },
      {
        "text": "some",
        "alias": "order",
        "meta": "@order",
        "userDefined": true
      },
      {
        "text": " music from ",
        "userDefined": false
      },
      {
        "text": "Washington, DC",
        "alias": "coverage",
        "meta": "@sys.geo-city",
        "userDefined": true
      },
      {
        "text": " from the year ",
        "userDefined": false
      },
      {
        "text": "1973",
        "alias": "year",
        "meta": "@sys.number-integer",
        "userDefined": true
      }
    ],
    "isTemplate": false,
    "count": 0,
    "updated": 0
  },
  {
    "id": "79ebfdaa-aec6-4cb6-a8cb-80e70ff4f720",
    "data": [
      {
        "text": "play ",
        "userDefined": false
      },
      {
        "text": "randomly",
        "alias": "order",
        "meta": "@order",
        "userDefined": true
      },
      {
        "text": " from ",
        "userDefined": false
      },
      {
        "text": "Washington, DC",
        "alias": "coverage",
        "meta": "@sys.geo-city",
        "userDefined": true
      },
      {
        "text": " in ",
        "userDefined": false
      },
      {
        "text": "1973",
        "alias": "year",
        "meta": "@sys.number-integer",
        "userDefined": true
      }
    ],
    "isTemplate": false,
    "count": 0,
    "updated": 0
  },
  {
    "id": "9eb87aaa-9f3d-46b1-b28f-0bc23c3848df",
    "data": [
      {
        "text": "play music from ",
        "userDefined": false
      },
      {
        "text": "Washington, DC",
        "alias": "coverage",
        "meta": "@sys.geo-city",
        "userDefined": false
      },
      {
        "text": " ",
        "userDefined": false
      },
      {
        "text": "1973",
        "alias": "year",
        "meta": "@sys.number-integer",
        "userDefined": false
      }
    ],
    "isTemplate": false,
    "count": 0,
    "updated": 0
  },
  {
    "id": "b6be781b-bb39-41b4-b633-8c61b393cce3",
    "data": [
      {
        "text": "play ",
        "userDefined": false
      },
      {
        "text": "French",
        "alias": "subject",
        "meta": "@genres",
        "userDefined": false
      }
    ],
    "isTemplate": false,
    "count": 0,
    "updated": 0
  },
  {
    "id": "642da651-5d6d-41e3-87b9-7198aaf4914c",
    "data": [
      {
        "text": "play ",
        "userDefined": false
      },
      {
        "text": "jazz",
        "alias": "subject",
        "meta": "@genres",
        "userDefined": true
      },
      {
        "text": " ",
        "userDefined": false
      },
      {
        "text": "78",
        "alias": "collectionId",
        "meta": "@collections",
        "userDefined": true
      }
    ],
    "isTemplate": false,
    "count": 0,
    "updated": 0
  },
  {
    "id": "c3f93114-44ef-4cb7-a968-3307c50d6d96",
    "data": [
      {
        "text": "play ",
        "userDefined": false
      },
      {
        "text": "religious",
        "alias": "subject",
        "meta": "@genres",
        "userDefined": false
      }
    ],
    "isTemplate": false,
    "count": 0,
    "updated": 0
  },
  {
    "id": "7480c506-33b9-4d68-b75e-2fc0e9e8de4a",
    "data": [
      {
        "text": "play ",
        "userDefined": false
      },
      {
        "text": "opera",
        "alias": "subject",
        "meta": "@genres",
        "userDefined": false
      }
    ],
    "isTemplate": false,
    "count": 0,
    "updated": 0
  },
  {
    "id": "486f3bf0-e6bc-4b1b-8e92-4ccba0544a93",
    "data": [
      {
        "text": "play ",
        "userDefined": false
      },
      {
        "text": "classic",
        "alias": "subject",
        "meta": "@genres",
        "userDefined": true
      }
    ],
    "isTemplate": false,
    "count": 0,
    "updated": 0
  },
  {
    "id": "0a446450-38ed-4b29-b7c0-a10fab21fe46",
    "data": [
      {
        "text": "randomly",
        "alias": "order",
        "meta": "@order",
        "userDefined": false
      },
      {
        "text": " play ",
        "userDefined": false
      },
      {
        "text": "jazz",
        "alias": "subject",
        "meta": "@genres",
        "userDefined": false
      },
      {
        "text": " ",
        "userDefined": false
      },
      {
        "text": "78",
        "alias": "collectionId",
        "meta": "@collections",
        "userDefined": false
      }
    ],
    "isTemplate": false,
    "count": 0,
    "updated": 0
  },
  {
    "id": "04563def-dda0-417a-8c1a-43dabebd4159",
    "data": [
      {
        "text": "ask internet archive ",
        "userDefined": false
      },
      {
        "text": "randomly",
        "alias": "order",
        "meta": "@order",
        "userDefined": false
      },
      {
        "text": " play ",
        "userDefined": false
      },
      {
        "text": "jazz",
        "alias": "subject",
        "meta": "@genres",
        "userDefined": false
      },
      {
        "text": " ",
        "userDefined": false
      },
      {
        "text": "78",
        "alias": "collectionId",
        "meta": "@collections",
        "userDefined": false
      }
    ],
    "isTemplate": false,
    "count": 0,
    "updated": 0
  },
  {
    "id": "580a91ba-2787-4109-9dc3-42797a10008b",
    "data": [
      {
        "text": "ask",
        "meta": "@sys.ignore",
        "userDefined": false
      },
      {
        "text": " internet archive to play some ",
        "userDefined": false
      },
      {
        "text": "random",
        "alias": "order",
        "meta": "@order",
        "userDefined": true
      },
      {
        "text": " ",
        "userDefined": false
      },
      {
        "text": "jazz",
        "alias": "subject",
        "meta": "@genres",
        "userDefined": true
      }
    ],
    "isTemplate": false,
    "count": 0,
    "updated": 0
  },
  {
    "id": "19e58d4b-798d-4b66-92a6-d6948ea8e643",
    "data": [
      {
        "text": "play ",
        "userDefined": false
      },
      {
        "text": "Washington, DC",
        "alias": "coverage",
        "meta": "@sys.geo-city",
        "userDefined": true
      },
      {
        "text": " ",
        "userDefined": false
      },
      {
        "text": "1973",
        "alias": "year",
        "meta": "@sys.number-integer",
        "userDefined": true
      }
    ],
    "isTemplate": false,
    "count": 0,
    "updated": 0
  },
  {
    "id": "4e369b32-d3f8-4c2e-a1ec-b6c77b38fd1e",
    "data": [
      {
        "text": "play ",
        "userDefined": false
      },
      {
        "text": "spoken word",
        "alias": "subject",
        "meta": "@genres",
        "userDefined": false
      }
    ],
    "isTemplate": false,
    "count": 0,
    "updated": 0
  },
  {
    "id": "b5a6bbb8-e6c8-439d-9a47-9591bc6e7ad9",
    "data": [
      {
        "text": "play ",
        "userDefined": false
      },
      {
        "text": "comedy",
        "alias": "subject",
        "meta": "@genres",
        "userDefined": true
      }
    ],
    "isTemplate": false,
    "count": 0,
    "updated": 0
  },
  {
    "id": "6fa33fcf-830a-4007-8c63-28a1ac0e5b49",
    "data": [
      {
        "text": "ask the internet archive to ",
        "userDefined": false
      },
      {
        "text": "randomly",
        "alias": "order",
        "meta": "@order",
        "userDefined": true
      },
      {
        "text": " play ",
        "userDefined": false
      },
      {
        "text": "jazz",
        "alias": "subject",
        "meta": "@genres",
        "userDefined": true
      },
      {
        "text": " ",
        "userDefined": false
      },
      {
        "text": "78",
        "alias": "collectionId",
        "meta": "@collections",
        "userDefined": true
      }
    ],
    "isTemplate": false,
    "count": 0,
    "updated": 0
  },
  {
    "id": "9322c667-d9f9-484f-af0a-b659d76a789e",
    "data": [
      {
        "text": "play ",
        "userDefined": false
      },
      {
        "text": "Grateful Dead",
        "alias": "creator",
        "meta": "@creators",
        "userDefined": true
      },
      {
        "text": " ",
        "userDefined": false
      },
      {
        "text": "Vancouver",
        "alias": "coverage",
        "meta": "@sys.geo-city",
        "userDefined": true
      },
      {
        "text": " ",
        "userDefined": false
      },
      {
        "text": "1973",
        "alias": "year",
        "meta": "@sys.number-integer",
        "userDefined": true
      }
    ],
    "isTemplate": false,
    "count": 1,
    "updated": 0
  },
  {
    "id": "d2c19ade-4a54-42eb-9302-5793236670b4",
    "data": [
      {
        "text": "I don\u0027t know pick one",
        "userDefined": false
      }
    ],
    "isTemplate": false,
    "count": 0,
    "updated": 0
  },
  {
    "id": "5438806b-e1de-404a-8b60-b11801fc4913",
    "data": [
      {
        "text": "hey Google the ",
        "userDefined": false
      },
      {
        "text": "rock",
        "alias": "subject",
        "meta": "@genres",
        "userDefined": false
      },
      {
        "text": " songs",
        "userDefined": false
      }
    ],
    "isTemplate": false,
    "count": 0,
    "updated": 0
  },
  {
    "id": "c2dc1241-99d0-411e-a2c3-3732045f2ff9",
    "data": [
      {
        "text": "play ",
        "userDefined": false
      },
      {
        "text": "jazz",
        "alias": "subject",
        "meta": "@genres",
        "userDefined": true
      },
      {
        "text": " songs",
        "userDefined": false
      }
    ],
    "isTemplate": false,
    "count": 0,
    "updated": 0
  },
  {
    "id": "ae528de6-03e2-4bc4-9120-7307f7408cf9",
    "data": [
      {
        "text": "play ",
        "userDefined": false
      },
      {
        "text": "1930",
        "alias": "year",
        "meta": "@sys.number-integer",
        "userDefined": false
      },
      {
        "text": " ",
        "userDefined": false
      },
      {
        "text": "popular music",
        "alias": "subject",
        "meta": "@genres",
        "userDefined": false
      }
    ],
    "isTemplate": false,
    "count": 0,
    "updated": 0
  },
  {
    "id": "b498d0d0-5230-407c-a1bb-d66863ff1181",
    "data": [
      {
        "text": "all",
        "alias": "order",
        "meta": "@order",
        "userDefined": true
      },
      {
        "text": " ",
        "userDefined": false
      },
      {
        "text": "live",
        "alias": "collectionId",
        "meta": "@collections",
        "userDefined": true
      },
      {
        "text": " of ",
        "userDefined": false
      },
      {
        "text": "Grateful Dead",
        "alias": "creator",
        "meta": "@creators",
        "userDefined": true
      }
    ],
    "isTemplate": false,
    "count": 0,
    "updated": 0
  },
  {
    "id": "5990ec62-d5a2-47ae-9f01-c85aa5956730",
    "data": [
      {
        "text": "play ",
        "userDefined": false
      },
      {
        "text": "the best",
        "alias": "order",
        "meta": "@order",
        "userDefined": true
      },
      {
        "text": " of ",
        "userDefined": false
      },
      {
        "text": "Grateful Dead",
        "alias": "creator",
        "meta": "@creators",
        "userDefined": true
      }
    ],
    "isTemplate": false,
    "count": 0,
    "updated": 0
  },
  {
    "id": "dd04c210-aa68-40a4-ab38-f2e8c4bccd9b",
    "data": [
      {
        "text": "randomly",
        "alias": "order",
        "meta": "@order",
        "userDefined": true
      },
      {
        "text": " play ",
        "userDefined": false
      },
      {
        "text": "bluegrass",
        "alias": "subject",
        "meta": "@genres",
        "userDefined": false
      },
      {
        "text": " ",
        "userDefined": false
      },
      {
        "text": "78",
        "alias": "collectionId",
        "meta": "@collections",
        "userDefined": false
      }
    ],
    "isTemplate": false,
    "count": 0,
    "updated": 0
  },
  {
    "id": "ff8283ab-2a79-460d-b6df-49fc6615d77c",
    "data": [
      {
        "text": "randomly",
        "alias": "order",
        "meta": "@order",
        "userDefined": true
      },
      {
        "text": " play ",
        "userDefined": false
      },
      {
        "text": "Greek",
        "alias": "subject",
        "meta": "@genres",
        "userDefined": false
      },
      {
        "text": " ",
        "userDefined": false
      },
      {
        "text": "78",
        "alias": "collectionId",
        "meta": "@collections",
        "userDefined": false
      }
    ],
    "isTemplate": false,
    "count": 0,
    "updated": 0
  },
  {
    "id": "7f7603bd-9dab-4ff1-b44b-e7bf5fd028bc",
    "data": [
      {
        "text": "play ",
        "userDefined": false
      },
      {
        "text": "live",
        "alias": "collectionId",
        "meta": "@collections",
        "userDefined": true
      },
      {
        "text": " ",
        "userDefined": false
      },
      {
        "text": "jazz",
        "alias": "subject",
        "meta": "@genres",
        "userDefined": true
      }
    ],
    "isTemplate": false,
    "count": 0,
    "updated": 0
  },
  {
    "id": "5ffdd4c4-e967-4cc8-b2c3-f1738faa775f",
    "data": [
      {
        "text": "play ",
        "userDefined": false
      },
      {
        "text": "all",
        "alias": "order",
        "meta": "@order",
        "userDefined": true
      },
      {
        "text": " concerts from ",
        "userDefined": false
      },
      {
        "text": "Rome",
        "alias": "coverage",
        "meta": "@sys.geo-city",
        "userDefined": true
      }
    ],
    "isTemplate": false,
    "count": 0,
    "updated": 0
  },
  {
    "id": "90917dac-0187-43e9-a442-a764b79e3529",
    "data": [
      {
        "text": "play ",
        "userDefined": false
      },
      {
        "text": "all",
        "alias": "order",
        "meta": "@order",
        "userDefined": true
      },
      {
        "text": " of ",
        "userDefined": false
      },
      {
        "text": "1977",
        "alias": "year",
        "meta": "@sys.number-integer",
        "userDefined": true
      }
    ],
    "isTemplate": false,
    "count": 0,
    "updated": 0
  },
  {
    "id": "fefd91d6-e057-4114-b532-a02fa87804ed",
    "data": [
      {
        "text": "play ",
        "userDefined": false
      },
      {
        "text": "Radiators",
        "alias": "creator",
        "meta": "@creators",
        "userDefined": true
      }
    ],
    "isTemplate": false,
    "count": 0,
    "updated": 0
  },
  {
    "id": "4102d0d9-20ca-4594-8b9f-83524c69312d",
    "data": [
      {
        "text": "play ",
        "userDefined": false
      },
      {
        "text": "the best",
        "alias": "order",
        "meta": "@order",
        "userDefined": true
      },
      {
        "text": " of ",
        "userDefined": false
      },
      {
        "text": "jazz",
        "alias": "subject",
        "meta": "@genres",
        "userDefined": true
      }
    ],
    "isTemplate": false,
    "count": 0,
    "updated": 0
  },
  {
    "id": "e69dfb2c-8e80-4777-b6c5-f4905e27985c",
    "data": [
      {
        "text": "Listen to ",
        "userDefined": false
      },
      {
        "text": "the latest episode",
        "alias": "order",
        "meta": "@order",
        "userDefined": true
      },
      {
        "text": " of ",
        "userDefined": false
      },
      {
        "text": "Radiators",
        "alias": "creator",
        "meta": "@creators",
        "userDefined": false
      }
    ],
    "isTemplate": false,
    "count": 0,
    "updated": 0
  },
  {
    "id": "7a24cf3d-88d5-46df-9327-6d7f2957c942",
    "data": [
      {
        "text": "play ",
        "userDefined": false
      },
      {
        "text": "78s",
        "alias": "collectionId",
        "meta": "@collections",
        "userDefined": true
      },
      {
        "text": " ",
        "userDefined": false
      },
      {
        "text": "jazz",
        "alias": "subject",
        "meta": "@genres",
        "userDefined": true
      }
    ],
    "isTemplate": false,
    "count": 0,
    "updated": 0
  },
  {
    "id": "a20a684b-0a25-4ac5-b43e-28448ae6f3b2",
    "data": [
      {
        "text": "play ",
        "userDefined": false
      },
      {
        "text": "Grateful Dead",
        "alias": "creator",
        "meta": "@creators",
        "userDefined": true
      },
      {
        "text": " ",
        "userDefined": false
      },
      {
        "text": "randomly",
        "alias": "order",
        "meta": "@order",
        "userDefined": true
      }
    ],
    "isTemplate": false,
    "count": 0,
    "updated": 0
  },
  {
    "id": "05d09d88-2c1e-4a21-b285-01e6d46b20bf",
    "data": [
      {
        "text": "search the ",
        "userDefined": false
      },
      {
        "text": "Grateful Dead",
        "alias": "creator",
        "meta": "@creators",
        "userDefined": true
      },
      {
        "text": " ",
        "userDefined": false
      },
      {
        "text": "randomly",
        "alias": "order",
        "meta": "@order",
        "userDefined": true
      }
    ],
    "isTemplate": false,
    "count": 0,
    "updated": 0
  },
  {
    "id": "6d7952d8-6d94-4dc2-a502-597adfd295fb",
    "data": [
      {
        "text": "hey Google ask the internet archive to ",
        "userDefined": false
      },
      {
        "text": "randomly",
        "alias": "order",
        "meta": "@order",
        "userDefined": false
      },
      {
        "text": " play the ",
        "userDefined": false
      },
      {
        "text": "Grateful Dead",
        "alias": "creator",
        "meta": "@creators",
        "userDefined": false
      }
    ],
    "isTemplate": false,
    "count": 0,
    "updated": 0
  },
  {
    "id": "3d44e926-478e-4be9-a058-89786b43bde2",
    "data": [
      {
        "text": "play ",
        "userDefined": false
      },
      {
        "text": "jazz",
        "alias": "subject",
        "meta": "@genres",
        "userDefined": true
      },
      {
        "text": " of ",
        "userDefined": false
      },
      {
        "text": "78s",
        "alias": "collectionId",
        "meta": "@collections",
        "userDefined": true
      }
    ],
    "isTemplate": false,
    "count": 0,
    "updated": 0
  },
  {
    "id": "97f5e572-bb14-4faa-bae7-5a34309f3745",
    "data": [
      {
        "text": "Ask Internet Archive to play ",
        "userDefined": false
      },
      {
        "text": "Grateful Dead",
        "alias": "creator",
        "meta": "@creators",
        "userDefined": true
      },
      {
        "text": " ",
        "userDefined": false
      },
      {
        "text": "Rome",
        "alias": "coverage",
        "meta": "@sys.geo-city",
        "userDefined": true
      },
      {
        "text": " ",
        "userDefined": false
      },
      {
        "text": "1973",
        "alias": "year",
        "meta": "@sys.number-integer",
        "userDefined": true
      }
    ],
    "isTemplate": false,
    "count": 0,
    "updated": 0
  },
  {
    "id": "2c6ecbfc-e3c1-4b4f-88ce-bd82cc9486c8",
    "data": [
      {
        "text": "ask the Internet Archive to ",
        "userDefined": false
      },
      {
        "text": "randomly",
        "alias": "order",
        "meta": "@order",
        "userDefined": true
      },
      {
        "text": " play ",
        "userDefined": false
      },
      {
        "text": "Unlocked Recordings",
        "alias": "collectionId",
        "meta": "@collections",
        "userDefined": true
      }
    ],
    "isTemplate": false,
    "count": 0,
    "updated": 0
  },
  {
    "id": "f140848b-538b-4abe-bb1d-f68466d43f78",
    "data": [
      {
        "text": "play something ",
        "userDefined": false
      },
      {
        "text": "randomly",
        "alias": "order",
        "meta": "@order",
        "userDefined": false
      }
    ],
    "isTemplate": false,
    "count": 0,
    "updated": 0
  },
  {
    "id": "9cd5a39a-1a9e-4e2e-8dc7-af55fb138cd1",
    "data": [
      {
        "text": "play ",
        "userDefined": false
      },
      {
        "text": "jazz",
        "alias": "subject",
        "meta": "@genres",
        "userDefined": true
      },
      {
        "text": " ",
        "userDefined": false
      },
      {
        "text": "78s",
        "alias": "collectionId",
        "meta": "@collections",
        "userDefined": true
      }
    ],
    "isTemplate": false,
    "count": 0,
    "updated": 0
  },
  {
    "id": "8b7b44c6-ba30-4b3c-976c-3ab706e65c57",
    "data": [
      {
        "text": "play ",
        "userDefined": false
      },
      {
        "text": "Grateful Dead",
        "alias": "creator",
        "meta": "@creators",
        "userDefined": true
      }
    ],
    "isTemplate": false,
    "count": 0,
    "updated": 0
  },
  {
    "id": "c90e2d29-a4f3-4c9c-8988-4370268bdeb7",
    "data": [
      {
        "text": "play ",
        "userDefined": false
      },
      {
        "text": "1970",
        "alias": "year",
        "meta": "@sys.number-integer",
        "userDefined": true
      },
      {
        "text": " music",
        "userDefined": false
      }
    ],
    "isTemplate": false,
    "count": 0,
    "updated": 0
  },
  {
    "id": "b309f867-3982-441a-b8e6-1050506baf0b",
    "data": [
      {
        "text": "ask the internet archive to ",
        "userDefined": false
      },
      {
        "text": "randomly",
        "alias": "order",
        "meta": "@order",
        "userDefined": false
      },
      {
        "text": " play the ",
        "userDefined": false
      },
      {
        "text": "Grateful Dead",
        "alias": "creator",
        "meta": "@creators",
        "userDefined": false
      }
    ],
    "isTemplate": false,
    "count": 0,
    "updated": 0
  },
  {
    "id": "b0855751-5b95-44ef-9112-7c03f0245937",
    "data": [
      {
        "text": "play ",
        "userDefined": false
      },
      {
        "text": "all",
        "alias": "order",
        "meta": "@order",
        "userDefined": true
      },
      {
        "text": " ",
        "userDefined": false
      },
      {
        "text": "1977",
        "alias": "year",
        "meta": "@sys.number-integer",
        "userDefined": true
      }
    ],
    "isTemplate": false,
    "count": 0,
    "updated": 0
  },
  {
    "id": "35c23aca-d123-48e5-8b72-bed8df105cb4",
    "data": [
      {
        "text": "78s",
        "alias": "collectionId",
        "meta": "@collections",
        "userDefined": true
      },
      {
        "text": " ",
        "userDefined": false
      },
      {
        "text": "all",
        "alias": "order",
        "meta": "@order",
        "userDefined": true
      }
    ],
    "isTemplate": false,
    "count": 0,
    "updated": 0
  },
  {
    "id": "1ac7c1e9-7230-488a-9586-0f32a5bfdfdd",
    "data": [
      {
        "text": "randomly",
        "alias": "order",
        "meta": "@order",
        "userDefined": false
      },
      {
        "text": " play ",
        "userDefined": false
      },
      {
        "text": "Radiators",
        "alias": "creator",
        "meta": "@creators",
        "userDefined": false
      }
    ],
    "isTemplate": false,
    "count": 0,
    "updated": 0
  },
  {
    "id": "1769596b-1054-49fc-9333-365078185e8f",
    "data": [
      {
        "text": "I want to listen songs",
        "userDefined": false
      }
    ],
    "isTemplate": false,
    "count": 0,
    "updated": 0
  },
  {
    "id": "cc77c97c-f6b8-4aac-86a2-f492c422a5ec",
    "data": [
      {
        "text": "play collection ",
        "userDefined": false
      },
      {
        "text": "Grateful Dead",
        "alias": "creator",
        "meta": "@creators",
        "userDefined": true
      },
      {
        "text": " city ",
        "userDefined": false
      },
      {
        "text": "Washington",
        "alias": "coverage",
        "meta": "@sys.geo-city",
        "userDefined": true
      },
      {
        "text": " year ",
        "userDefined": false
      },
      {
        "text": "1973",
        "alias": "year",
        "meta": "@sys.number-integer",
        "userDefined": true
      }
    ],
    "isTemplate": false,
    "count": 0,
    "updated": 0
  },
  {
    "id": "c9afac94-c8a6-4747-a2b8-440cdbe8e87d",
    "data": [
      {
        "text": "randomly",
        "alias": "order",
        "meta": "@order",
        "userDefined": true
      },
      {
        "text": " play the ",
        "userDefined": false
      },
      {
        "text": "Cowboy Junkies",
        "alias": "creator",
        "meta": "@creators",
        "userDefined": true
      }
    ],
    "isTemplate": false,
    "count": 0,
    "updated": 0
  },
  {
    "id": "1804d290-60d4-4589-b672-8da47374f298",
    "data": [
      {
        "text": "play ",
        "userDefined": false
      },
      {
        "text": "random",
        "alias": "order",
        "meta": "@order",
        "userDefined": true
      },
      {
        "text": " ",
        "userDefined": false
      },
      {
        "text": "jazz",
        "alias": "subject",
        "meta": "@genres",
        "userDefined": true
      }
    ],
    "isTemplate": false,
    "count": 0,
    "updated": 0
  },
  {
    "id": "5c2321f0-a459-4349-b7f4-917642f29d32",
    "data": [
      {
        "text": "randomly",
        "alias": "order",
        "meta": "@order",
        "userDefined": true
      },
      {
        "text": " ",
        "userDefined": false
      },
      {
        "text": "78s",
        "alias": "collectionId",
        "meta": "@collections",
        "userDefined": true
      }
    ],
    "isTemplate": false,
    "count": 0,
    "updated": 0
  },
  {
    "id": "19726298-0688-4c85-9031-371e9770a1b5",
    "data": [
      {
        "text": "play ",
        "userDefined": false
      },
      {
        "text": "all",
        "alias": "order",
        "meta": "@order",
        "userDefined": true
      },
      {
        "text": " ",
        "userDefined": false
      },
      {
        "text": "jazz",
        "alias": "subject",
        "meta": "@genres",
        "userDefined": true
      }
    ],
    "isTemplate": false,
    "count": 0,
    "updated": 0
  },
  {
    "id": "14a57fa7-f83c-4e82-a0d2-c9e2b304f7ac",
    "data": [
      {
        "text": "Randomly",
        "alias": "order",
        "meta": "@order",
        "userDefined": true
      },
      {
        "text": " play ",
        "userDefined": false
      },
      {
        "text": "Christmas",
        "alias": "subject",
        "meta": "@genres",
        "userDefined": true
      },
      {
        "text": " Music",
        "userDefined": false
      }
    ],
    "isTemplate": false,
    "count": 0,
    "updated": 0
  },
  {
    "id": "46f5e4d5-1d5a-4e2f-aa68-290bd5f49c8d",
    "data": [
      {
        "text": "let\u0027s play ",
        "userDefined": false
      },
      {
        "text": "jazz",
        "alias": "subject",
        "meta": "@genres",
        "userDefined": true
      }
    ],
    "isTemplate": false,
    "count": 0,
    "updated": 0
  },
  {
    "id": "2014f54f-32a6-418b-9a3f-98b9bddabf7d",
    "data": [
      {
        "text": "play ",
        "userDefined": false
      },
      {
        "text": "jazz",
        "alias": "subject",
        "meta": "@genres",
        "userDefined": true
      }
    ],
    "isTemplate": false,
    "count": 0,
    "updated": 0
  },
  {
    "id": "8fe290f2-8667-4193-a3b5-0238294f715c",
    "data": [
      {
        "text": "play ",
        "userDefined": false
      },
      {
        "text": "Ukrainian",
        "alias": "subject",
        "meta": "@genres",
        "userDefined": true
      },
      {
        "text": " music",
        "userDefined": false
      }
    ],
    "isTemplate": false,
    "count": 0,
    "updated": 0
  },
  {
    "id": "3ef7f6c2-a7b0-47b2-b133-3485bcdc42a0",
    "data": [
      {
        "text": "play",
        "meta": "@sys.ignore",
        "userDefined": false
      },
      {
        "text": " ",
        "userDefined": false
      },
      {
        "text": "New York",
        "alias": "coverage",
        "meta": "@sys.geo-city",
        "userDefined": true
      }
    ],
    "isTemplate": false,
    "count": 0,
    "updated": 0
  },
  {
    "id": "40c4527b-2b98-4268-872e-b4d8afd8a974",
    "data": [
      {
        "text": "play internet archive ",
        "userDefined": false
      },
      {
        "text": "Blues",
        "alias": "subject",
        "meta": "@genres",
        "userDefined": false
      },
      {
        "text": " ",
        "userDefined": false
      },
      {
        "text": "78",
        "alias": "collectionId",
        "meta": "@collections",
        "userDefined": false
      }
    ],
    "isTemplate": false,
    "count": 1,
    "updated": 0
  },
  {
    "id": "6390c91d-3cc1-4e03-8985-bd901b56872b",
    "data": [
      {
        "text": "hey Google play band ",
        "userDefined": false
      },
      {
        "text": "Radiators",
        "alias": "creator",
        "meta": "@creators",
        "userDefined": true
      }
    ],
    "isTemplate": false,
    "count": 0,
    "updated": 0
  },
  {
    "id": "4e3da63d-2a02-44bc-be3f-67f47f905ea9",
    "data": [
      {
        "text": "randomly",
        "alias": "order",
        "meta": "@order",
        "userDefined": false
      },
      {
        "text": " play the ",
        "userDefined": false
      },
      {
        "text": "Disco Biscuits",
        "alias": "creator",
        "meta": "@creators",
        "userDefined": false
      }
    ],
    "isTemplate": false,
    "count": 0,
    "updated": 0
  },
  {
    "id": "dc4ec7aa-be64-44fd-9eb9-83acc034bb43",
    "data": [
      {
        "text": "play ",
        "userDefined": false
      },
      {
        "text": "concerts",
        "alias": "collectionId",
        "meta": "@collections",
        "userDefined": true
      },
      {
        "text": " from ",
        "userDefined": false
      },
      {
        "text": "Rome",
        "alias": "coverage",
        "meta": "@sys.geo-city",
        "userDefined": true
      }
    ],
    "isTemplate": false,
    "count": 0,
    "updated": 0
  },
  {
    "id": "9b13e8b1-b0dd-447b-b28c-5ebcde903075",
    "data": [
      {
        "text": "play ",
        "userDefined": false
      },
      {
        "text": "all",
        "alias": "order",
        "meta": "@order",
        "userDefined": true
      },
      {
        "text": " ",
        "userDefined": false
      },
      {
        "text": "Washington",
        "alias": "coverage",
        "meta": "@sys.geo-city",
        "userDefined": true
      }
    ],
    "isTemplate": false,
    "count": 0,
    "updated": 0
  },
  {
    "id": "40ad67a3-3bf6-4ba9-b6de-452986e2818f",
    "data": [
      {
        "text": "play ",
        "userDefined": false
      },
      {
        "text": "jazz",
        "alias": "subject",
        "meta": "@genres",
        "userDefined": true
      },
      {
        "text": " music",
        "userDefined": false
      }
    ],
    "isTemplate": false,
    "count": 0,
    "updated": 0
  },
  {
    "id": "f8ddb500-468f-40bf-a9f0-ce723c30c615",
    "data": [
      {
        "text": "randomly",
        "alias": "order",
        "meta": "@order",
        "userDefined": true
      },
      {
        "text": " play ",
        "userDefined": false
      },
      {
        "text": "children",
        "alias": "subject",
        "meta": "@genres",
        "userDefined": true
      },
      {
        "text": " songs ",
        "userDefined": false
      },
      {
        "text": "78s",
        "alias": "collectionId",
        "meta": "@collections",
        "userDefined": true
      }
    ],
    "isTemplate": false,
    "count": 0,
    "updated": 0
  },
  {
    "id": "63238794-0f66-4ef4-8e5e-fcefeb739316",
    "data": [
      {
        "text": "play the ",
        "userDefined": false
      },
      {
        "text": "Grateful Dead",
        "alias": "creator",
        "meta": "@creators",
        "userDefined": true
      },
      {
        "text": " ",
        "userDefined": false
      },
      {
        "text": "randomly",
        "alias": "order",
        "meta": "@order",
        "userDefined": true
      }
    ],
    "isTemplate": false,
    "count": 0,
    "updated": 0
  },
  {
    "id": "1a9cdad7-3a13-4189-9faf-84b72450e985",
    "data": [
      {
        "text": "randomly",
        "alias": "order",
        "meta": "@order",
        "userDefined": true
      },
      {
        "text": " play ",
        "userDefined": false
      },
      {
        "text": "Grateful Dead",
        "alias": "creator",
        "meta": "@creators",
        "userDefined": true
      }
    ],
    "isTemplate": false,
    "count": 0,
    "updated": 0
  },
  {
    "id": "9cd7d83a-c250-4560-a000-3aeb4a379574",
    "data": [
      {
        "text": "play me some of them ",
        "userDefined": false
      },
      {
        "text": "hip Rhymes",
        "alias": "subject",
        "meta": "@genres",
        "userDefined": true
      },
      {
        "text": " yell",
        "userDefined": false
      }
    ],
    "isTemplate": false,
    "count": 0,
    "updated": 0
  }
]