[
  {
    "id": "3fbda2d7-40ea-4c00-aaea-1aa7c3ef8321",
    "data": [
      {
        "text": "keep playing this",
        "userDefined": false
      }
    ],
    "isTemplate": false,
    "count": 0,
    "updated": 0
  },
  {
    "id": "d1e8c322-cf5e-43b5-9448-27eaea09bb58",
    "data": [
      {
        "text": "loop",
        "meta": "@sys.ignore",
        "userDefined": false
      },
      {
        "text": " ",
        "userDefined": false
      },
      {
        "text": "on",
        "meta": "@sys.ignore",
        "userDefined": false
      }
    ],
    "isTemplate": false,
    "count": 0,
    "updated": 0
  }
]