[
  {
    "id": "a9dd2a50-f93b-4f7c-a420-cfa04d38150c",
    "data": [
      {
        "text": "don\u0027t repeat",
        "userDefined": false
      }
    ],
    "isTemplate": false,
    "count": 0,
    "updated": 0
  },
  {
    "id": "2ca4d7e6-bf4d-48fa-a127-c00ff086b5e0",
    "data": [
      {
        "text": "loop",
        "meta": "@sys.ignore",
        "userDefined": false
      },
      {
        "text": " ",
        "userDefined": false
      },
      {
        "text": "off",
        "meta": "@sys.ignore",
        "userDefined": false
      }
    ],
    "isTemplate": false,
    "count": 0,
    "updated": 0
  },
  {
    "id": "a54fdb8f-0d94-466d-b75f-d5eb31ad1e69",
    "data": [
      {
        "text": "stop",
        "meta": "@sys.ignore",
        "userDefined": false
      },
      {
        "text": " repeat",
        "userDefined": false
      }
    ],
    "isTemplate": false,
    "count": 0,
    "updated": 0
  }
]