[
  {
    "id": "6012be1c-916a-46f2-b19c-5fc15df72d24",
    "data": [
      {
        "text": "shut up and get lost",
        "userDefined": false
      }
    ],
    "isTemplate": false,
    "count": 0,
    "updated": 0
  },
  {
    "id": "46861ee0-28a7-4874-ac19-93eb3d593c9b",
    "data": [
      {
        "text": "hey Google please take me out of this stupid",
        "userDefined": false
      }
    ],
    "isTemplate": false,
    "count": 0,
    "updated": 0
  },
  {
    "id": "2ef96ef3-67f2-4b0e-809f-a91417f71f72",
    "data": [
      {
        "text": "stop this nonsense",
        "userDefined": false
      }
    ],
    "isTemplate": false,
    "count": 0,
    "updated": 0
  }
]