[
  {
    "id": "a5c79d4a-87f2-49f1-9d97-a2324f8554c6",
    "data": [
      {
        "text": "play ",
        "userDefined": false
      },
      {
        "text": "some",
        "alias": "order",
        "meta": "@order",
        "userDefined": true
      },
      {
        "text": " ",
        "userDefined": false
      },
      {
        "text": "78s",
        "alias": "collectionId",
        "meta": "@collections",
        "userDefined": true
      }
    ],
    "isTemplate": false,
    "count": 0,
    "updated": 0
  },
  {
    "id": "fcf5a14d-4f43-43a4-bc54-7804d734a4eb",
    "data": [
      {
        "text": "play ",
        "userDefined": false
      },
      {
        "text": "unlocked recordings",
        "alias": "collectionId",
        "meta": "@collections",
        "userDefined": true
      }
    ],
    "isTemplate": false,
    "count": 0,
    "updated": 0
  },
  {
    "id": "e2c78878-bc46-44b4-bc0b-748ef9a710fc",
    "data": [
      {
        "text": "play ",
        "userDefined": false
      },
      {
        "text": "unlocked",
        "alias": "collectionId",
        "meta": "@collections",
        "userDefined": true
      },
      {
        "text": " music",
        "userDefined": false
      }
    ],
    "isTemplate": false,
    "count": 0,
    "updated": 0
  },
  {
    "id": "65d093a7-584e-49e1-bec6-31a7f46116cf",
    "data": [
      {
        "text": "unlocked",
        "alias": "collectionId",
        "meta": "@collections",
        "userDefined": false
      },
      {
        "text": " music",
        "userDefined": false
      }
    ],
    "isTemplate": false,
    "count": 0,
    "updated": 0
  },
  {
    "id": "9bd72f15-319f-4c4e-93d2-b5e2f6d956fb",
    "data": [
      {
        "text": "Radiators",
        "alias": "creator",
        "meta": "@creators",
        "userDefined": true
      }
    ],
    "isTemplate": false,
    "count": 0,
    "updated": 0
  },
  {
    "id": "28f0acdf-444f-4d3e-b3f0-f8149b532b7c",
    "data": [
      {
        "text": "78s",
        "alias": "collectionId",
        "meta": "@collections",
        "userDefined": true
      },
      {
        "text": " ",
        "userDefined": false
      },
      {
        "text": "jazz",
        "alias": "subject",
        "meta": "@genres",
        "userDefined": true
      }
    ],
    "isTemplate": false,
    "count": 0,
    "updated": 0
  },
  {
    "id": "82d6c46b-e9f3-42b2-9dbc-df4a31f977ce",
    "data": [
      {
        "text": "random",
        "alias": "order",
        "meta": "@order",
        "userDefined": true
      }
    ],
    "isTemplate": false,
    "count": 0,
    "updated": 0
  },
  {
    "id": "526cc01c-2329-4776-8260-2fb7225b65e8",
    "data": [
      {
        "text": "live",
        "alias": "collectionId",
        "meta": "@collections",
        "userDefined": false
      },
      {
        "text": " archive",
        "userDefined": false
      }
    ],
    "isTemplate": false,
    "count": 0,
    "updated": 0
  },
  {
    "id": "74b0a6b8-ca52-41e5-81ab-e26edcbd64e2",
    "data": [
      {
        "text": "some ",
        "userDefined": false
      },
      {
        "text": "classic rock",
        "alias": "subject",
        "meta": "@genres",
        "userDefined": true
      },
      {
        "text": " please",
        "userDefined": false
      }
    ],
    "isTemplate": false,
    "count": 0,
    "updated": 0
  },
  {
    "id": "7fa10779-2c03-498d-9ccb-25ca08b328a9",
    "data": [
      {
        "text": "Classic rock",
        "alias": "subject",
        "meta": "@genres",
        "userDefined": false
      },
      {
        "text": " artists",
        "userDefined": false
      }
    ],
    "isTemplate": false,
    "count": 0,
    "updated": 0
  },
  {
    "id": "d4eefb99-0121-425e-8511-1286525d403a",
    "data": [
      {
        "text": "random",
        "alias": "order",
        "meta": "@order",
        "userDefined": true
      },
      {
        "text": " ",
        "userDefined": false
      },
      {
        "text": "rock",
        "alias": "subject",
        "meta": "@genres",
        "userDefined": false
      }
    ],
    "isTemplate": false,
    "count": 1,
    "updated": 0
  },
  {
    "id": "80297c9b-2398-4412-834b-9a0a10db1bdf",
    "data": [
      {
        "text": "live shows",
        "alias": "collectionId",
        "meta": "@collections",
        "userDefined": false
      }
    ],
    "isTemplate": false,
    "count": 0,
    "updated": 0
  },
  {
    "id": "6ab77e38-2429-4d24-ad8a-c02bfb0c0502",
    "data": [
      {
        "text": "New Your",
        "alias": "coverage",
        "meta": "@sys.geo-city",
        "userDefined": true
      },
      {
        "text": " city",
        "userDefined": false
      }
    ],
    "isTemplate": false,
    "count": 0,
    "updated": 0
  },
  {
    "id": "121b1c38-384e-40b9-bcdd-f8683ae35418",
    "data": [
      {
        "text": "Seattle",
        "alias": "coverage",
        "meta": "@sys.geo-city",
        "userDefined": true
      },
      {
        "text": " ",
        "userDefined": false
      },
      {
        "text": "USA",
        "alias": "coverage-country",
        "meta": "@sys.geo-country",
        "userDefined": true
      },
      {
        "text": " ",
        "userDefined": false
      },
      {
        "text": "2000",
        "alias": "year",
        "meta": "@sys.number",
        "userDefined": true
      }
    ],
    "isTemplate": false,
    "count": 0,
    "updated": 0
  },
  {
    "id": "ffd32f4b-2835-4930-b376-9eff12eb27b6",
    "data": [
      {
        "text": "Kyiv",
        "alias": "coverage",
        "meta": "@sys.geo-city",
        "userDefined": true
      },
      {
        "text": " ",
        "userDefined": false
      },
      {
        "text": "Ukraine",
        "alias": "coverage-country",
        "meta": "@sys.geo-country",
        "userDefined": true
      },
      {
        "text": " 2000",
        "userDefined": false
      }
    ],
    "isTemplate": false,
    "count": 0,
    "updated": 0
  },
  {
    "id": "107bbb44-a50b-4b26-ab1a-92e595e29f49",
    "data": [
      {
        "text": "Kyiv",
        "alias": "coverage",
        "meta": "@sys.geo-city",
        "userDefined": true
      },
      {
        "text": ", ",
        "userDefined": false
      },
      {
        "text": "Ukraine",
        "alias": "coverage-country",
        "meta": "@sys.geo-country",
        "userDefined": true
      },
      {
        "text": " ",
        "userDefined": false
      },
      {
        "text": "2014",
        "alias": "year",
        "meta": "@sys.number",
        "userDefined": true
      }
    ],
    "isTemplate": false,
    "count": 0,
    "updated": 0
  },
  {
    "id": "54c1cd4e-9499-4c52-97a2-7c866ee2a6bc",
    "data": [
      {
        "text": "Chicago",
        "alias": "coverage",
        "meta": "@sys.geo-city",
        "userDefined": true
      },
      {
        "text": ", ",
        "userDefined": false
      },
      {
        "text": "Illinois",
        "alias": "coverage-state",
        "meta": "@sys.geo-state",
        "userDefined": true
      },
      {
        "text": " ",
        "userDefined": false
      },
      {
        "text": "2005",
        "alias": "year",
        "meta": "@sys.number",
        "userDefined": true
      }
    ],
    "isTemplate": false,
    "count": 0,
    "updated": 0
  },
  {
    "id": "077ab4b1-e96a-465c-9beb-84fc8570611e",
    "data": [
      {
        "text": "Ask the Internet Archive to select ",
        "userDefined": false
      },
      {
        "text": "unlocked recordings",
        "alias": "collectionId",
        "meta": "@collections",
        "userDefined": true
      }
    ],
    "isTemplate": false,
    "count": 0,
    "updated": 0
  },
  {
    "id": "65e42bc1-ef0b-4cc9-a01a-869a104924c0",
    "data": [
      {
        "text": "I want to listen to ",
        "userDefined": false
      },
      {
        "text": "78s",
        "alias": "collectionId",
        "meta": "@collections",
        "userDefined": true
      },
      {
        "text": " music",
        "userDefined": false
      }
    ],
    "isTemplate": false,
    "count": 0,
    "updated": 0
  },
  {
    "id": "e3b8c367-69d6-40d7-84a1-917f6322716f",
    "data": [
      {
        "text": "Washington",
        "alias": "coverage",
        "meta": "@sys.geo-city",
        "userDefined": true
      },
      {
        "text": " ",
        "userDefined": false
      },
      {
        "text": "1973",
        "alias": "year",
        "meta": "@sys.number",
        "userDefined": true
      }
    ],
    "isTemplate": false,
    "count": 0,
    "updated": 0
  },
  {
    "id": "42a54ecc-e39f-4d76-9400-9d356d806f75",
    "data": [
      {
        "text": "78s",
        "alias": "collectionId",
        "meta": "@collections",
        "userDefined": true
      }
    ],
    "isTemplate": false,
    "count": 0,
    "updated": 0
  },
  {
    "id": "43fb9c93-a4eb-4cf4-ba7f-3b75a31df93b",
    "data": [
      {
        "text": "jazz",
        "alias": "subject",
        "meta": "@genres",
        "userDefined": true
      },
      {
        "text": " ",
        "userDefined": false
      },
      {
        "text": "78s",
        "alias": "collectionId",
        "meta": "@collections",
        "userDefined": true
      }
    ],
    "isTemplate": false,
    "count": 0,
    "updated": 0
  },
  {
    "id": "9a9a1a6e-ab30-4d12-8b92-a59fbb3118fe",
    "data": [
      {
        "text": "ask the Internet Archive to play ",
        "userDefined": false
      },
      {
        "text": "78s",
        "alias": "collectionId",
        "meta": "@collections",
        "userDefined": true
      }
    ],
    "isTemplate": false,
    "count": 0,
    "updated": 0
  },
  {
    "id": "b6494034-2bde-4104-9864-8d17d999129e",
    "data": [
      {
        "text": "I want to listen to ",
        "userDefined": false
      },
      {
        "text": "78s",
        "alias": "collectionId",
        "meta": "@collections",
        "userDefined": true
      }
    ],
    "isTemplate": false,
    "count": 0,
    "updated": 0
  },
  {
    "id": "3083c74b-2be4-401c-a35f-3435b0514863",
    "data": [
      {
        "text": "choose ",
        "userDefined": false
      },
      {
        "text": "78s",
        "alias": "collectionId",
        "meta": "@collections",
        "userDefined": true
      }
    ],
    "isTemplate": false,
    "count": 0,
    "updated": 0
  },
  {
    "id": "31f4fee1-8d3b-491a-a1f0-401d162bac51",
    "data": [
      {
        "text": "select ",
        "userDefined": false
      },
      {
        "text": "78s",
        "alias": "collectionId",
        "meta": "@collections",
        "userDefined": true
      }
    ],
    "isTemplate": false,
    "count": 0,
    "updated": 0
  },
  {
    "id": "d288ee28-83ae-4d33-b214-85ce26c5866d",
    "data": [
      {
        "text": "go for ",
        "userDefined": false
      },
      {
        "text": "jazz",
        "alias": "subject",
        "meta": "@genres",
        "userDefined": true
      }
    ],
    "isTemplate": false,
    "count": 0,
    "updated": 0
  },
  {
    "id": "7059303a-9000-407b-b1da-388b2dfdffee",
    "data": [
      {
        "text": "pick ",
        "userDefined": false
      },
      {
        "text": "78s",
        "alias": "collectionId",
        "meta": "@collections",
        "userDefined": true
      }
    ],
    "isTemplate": false,
    "count": 0,
    "updated": 0
  },
  {
    "id": "ac223008-9040-4147-9326-2cca54036418",
    "data": [
      {
        "text": "pick ",
        "userDefined": false
      },
      {
        "text": "jazz",
        "alias": "subject",
        "meta": "@genres",
        "userDefined": true
      }
    ],
    "isTemplate": false,
    "count": 0,
    "updated": 0
  },
  {
    "id": "ea707580-0213-4d26-9678-53ad67cd86bd",
    "data": [
      {
        "text": "choose ",
        "userDefined": false
      },
      {
        "text": "jazz",
        "alias": "subject",
        "meta": "@genres",
        "userDefined": true
      }
    ],
    "isTemplate": false,
    "count": 0,
    "updated": 0
  },
  {
    "id": "b0e1922c-53d2-4869-a7cb-566b9ab8570a",
    "data": [
      {
        "text": "select ",
        "userDefined": false
      },
      {
        "text": "jazz",
        "alias": "subject",
        "meta": "@genres",
        "userDefined": true
      }
    ],
    "isTemplate": false,
    "count": 0,
    "updated": 0
  },
  {
    "id": "fa6f59aa-e358-4e37-870a-7f2db3a48453",
    "data": [
      {
        "text": "collection ",
        "userDefined": false
      },
      {
        "text": "78s",
        "alias": "collectionId",
        "meta": "@collections",
        "userDefined": true
      }
    ],
    "isTemplate": false,
    "count": 0,
    "updated": 0
  },
  {
    "id": "9d00e54b-b2e3-4b9f-ade6-0e2213ac3dd7",
    "data": [
      {
        "text": "year ",
        "userDefined": false
      },
      {
        "text": "1995",
        "alias": "year",
        "meta": "@sys.number",
        "userDefined": false
      }
    ],
    "isTemplate": false,
    "count": 0,
    "updated": 0
  },
  {
    "id": "36e8a651-62cc-48a1-8e90-5269a18c22d6",
    "data": [
      {
        "text": "2000",
        "alias": "year",
        "meta": "@sys.number",
        "userDefined": false
      },
      {
        "text": " year",
        "userDefined": false
      }
    ],
    "isTemplate": false,
    "count": 1,
    "updated": 0
  },
  {
    "id": "142b9cbf-b6e3-4b48-bd3d-b2f2799cf8e0",
    "data": [
      {
        "text": "Vancouver",
        "alias": "coverage",
        "meta": "@sys.geo-city",
        "userDefined": true
      }
    ],
    "isTemplate": false,
    "count": 0,
    "updated": 0
  },
  {
    "id": "690a8cc9-a2a5-4aaa-8807-925eea665eea",
    "data": [
      {
        "text": "78s",
        "alias": "collectionId",
        "meta": "@collections",
        "userDefined": true
      },
      {
        "text": " collection",
        "userDefined": false
      }
    ],
    "isTemplate": false,
    "count": 0,
    "updated": 0
  }
]