[
  {
    "id": "7477829e-bfff-4083-af3b-b05663e9483a",
    "data": [
      {
        "text": "ask the Internet Archive to play ",
        "userDefined": false
      },
      {
        "text": "Christmas",
        "alias": "subject",
        "meta": "@genres",
        "userDefined": true
      },
      {
        "text": " Music",
        "userDefined": false
      }
    ],
    "isTemplate": false,
    "count": 0,
    "updated": 0
  },
  {
    "id": "e4bd93b6-3268-4c3c-9976-d40068b6f5a8",
    "data": [
      {
        "text": "Instrumental",
        "alias": "subject",
        "meta": "@genres",
        "userDefined": false
      }
    ],
    "isTemplate": false,
    "count": 0,
    "updated": 0
  },
  {
    "id": "480c1e3c-6667-4f6f-9312-0b75c22daf59",
    "data": [
      {
        "text": "ok ",
        "userDefined": false
      },
      {
        "text": "Christmas",
        "alias": "subject",
        "meta": "@genres",
        "userDefined": false
      },
      {
        "text": " music",
        "userDefined": false
      }
    ],
    "isTemplate": false,
    "count": 1,
    "updated": 0
  },
  {
    "id": "98d1ffa7-0bce-4b8a-83f1-e1a3b466ae43",
    "data": [
      {
        "text": "jazz",
        "alias": "subject",
        "meta": "@genres",
        "userDefined": false
      },
      {
        "text": " ",
        "userDefined": false
      },
      {
        "text": "live",
        "alias": "collectionId",
        "meta": "@collections",
        "userDefined": false
      }
    ],
    "isTemplate": false,
    "count": 0,
    "updated": 0
  },
  {
    "id": "8ad97464-69f9-4dc1-b780-3a99f081ed11",
    "data": [
      {
        "text": "live",
        "alias": "collectionId",
        "meta": "@collections",
        "userDefined": true
      },
      {
        "text": " ",
        "userDefined": false
      },
      {
        "text": "jazz",
        "alias": "subject",
        "meta": "@genres",
        "userDefined": false
      }
    ],
    "isTemplate": false,
    "count": 0,
    "updated": 0
  },
  {
    "id": "4ac4fda5-d2e3-4d6f-a6a9-5a77ba41e0df",
    "data": [
      {
        "text": "dance",
        "alias": "subject",
        "meta": "@genres",
        "userDefined": true
      }
    ],
    "isTemplate": false,
    "count": 0,
    "updated": 0
  },
  {
    "id": "7afff2d2-1d14-4ec7-8487-ccda601c32fd",
    "data": [
      {
        "text": "jazz",
        "alias": "subject",
        "meta": "@genres",
        "userDefined": true
      }
    ],
    "isTemplate": false,
    "count": 0,
    "updated": 0
  }
]