[
  {
    "id": "0b46fac3-b955-4abf-90fb-460964eed113",
    "data": [
      {
        "text": "keep playing",
        "userDefined": false
      }
    ],
    "isTemplate": false,
    "count": 0,
    "updated": 0
  },
  {
    "id": "ba8bd690-ed35-4055-9e9f-51d1a1e7ec79",
    "data": [
      {
        "text": "skip forward",
        "userDefined": false
      }
    ],
    "isTemplate": false,
    "count": 0,
    "updated": 0
  },
  {
    "id": "002a84c5-7576-426b-a615-d0032a4851cf",
    "data": [
      {
        "text": "skip",
        "userDefined": false
      }
    ],
    "isTemplate": false,
    "count": 0,
    "updated": 0
  },
  {
    "id": "e52e5db6-f504-45d0-83b8-deb268e2229f",
    "data": [
      {
        "text": "next ",
        "userDefined": false
      },
      {
        "text": "song",
        "alias": "media-types",
        "meta": "@media-types",
        "userDefined": false
      }
    ],
    "isTemplate": false,
    "count": 0,
    "updated": 0
  },
  {
    "id": "600592ba-d3da-4611-baac-47f1ad5d6c31",
    "data": [
      {
        "text": "next",
        "userDefined": false
      }
    ],
    "isTemplate": false,
    "count": 0,
    "updated": 0
  }
]