[
  {
    "id": "ebc6ea61-0132-4222-a8e5-e1134afd353d",
    "data": [
      {
        "text": "Noe",
        "userDefined": false
      }
    ],
    "isTemplate": false,
    "count": 1,
    "updated": 0
  },
  {
    "id": "8bef3ce0-5953-430e-a140-9d3fb419850a",
    "data": [
      {
        "text": "nope",
        "userDefined": false
      }
    ],
    "isTemplate": false,
    "count": 0,
    "updated": 0
  },
  {
    "id": "d837c47f-4d08-4b02-bbcf-f515ff85e725",
    "data": [
      {
        "text": "no",
        "userDefined": false
      }
    ],
    "isTemplate": false,
    "count": 0,
    "updated": 0
  }
]