[
  {
    "id": "f3749555-5791-4f12-88da-d0f258fdf6fc",
    "data": [
      {
        "text": "rewind",
        "userDefined": false
      }
    ],
    "isTemplate": false,
    "count": 0,
    "updated": 0
  },
  {
    "id": "bde94666-a79e-497e-bd72-36274a2e230a",
    "data": [
      {
        "text": "go back",
        "userDefined": false
      }
    ],
    "isTemplate": false,
    "count": 0,
    "updated": 0
  },
  {
    "id": "6a163a9e-a898-42c6-86c4-fe8ad64a928a",
    "data": [
      {
        "text": "skip back",
        "userDefined": false
      }
    ],
    "isTemplate": false,
    "count": 0,
    "updated": 0
  },
  {
    "id": "886394ef-7c51-4168-98fe-86b960656ea6",
    "data": [
      {
        "text": "previous ",
        "userDefined": false
      },
      {
        "text": "song",
        "alias": "media-types",
        "meta": "@media-types",
        "userDefined": false
      }
    ],
    "isTemplate": false,
    "count": 0,
    "updated": 0
  },
  {
    "id": "03d7411e-1e9c-4796-8d7a-5064a5d1db67",
    "data": [
      {
        "text": "previous",
        "userDefined": false
      }
    ],
    "isTemplate": false,
    "count": 0,
    "updated": 0
  }
]