[
  {
    "id": "46c83073-6daa-4a85-9b24-f23b4074dc66",
    "data": [
      {
        "text": "read Moby Dick Chapter Three",
        "userDefined": false
      }
    ],
    "isTemplate": false,
    "count": 0,
    "updated": 0
  },
  {
    "id": "a5e1f0ef-d145-483c-9d1f-46b10a0d8a63",
    "data": [
      {
        "text": "read Moby Dick Chapter ",
        "userDefined": false
      },
      {
        "text": "3",
        "meta": "@sys.ignore",
        "userDefined": false
      }
    ],
    "isTemplate": false,
    "count": 0,
    "updated": 0
  }
]