[
  {
    "id": "974cb124-51d5-4cd8-92ba-da7c8ae85261",
    "data": [
      {
        "text": "recommend some music",
        "userDefined": false
      }
    ],
    "isTemplate": false,
    "count": 0,
    "updated": 0
  },
  {
    "id": "0bc69414-a195-4f03-9d6d-43b39312abb4",
    "data": [
      {
        "text": "recommend some music to ",
        "userDefined": false
      },
      {
        "text": "me",
        "meta": "@sys.ignore",
        "userDefined": false
      }
    ],
    "isTemplate": false,
    "count": 0,
    "updated": 0
  },
  {
    "id": "a0ed8983-ac02-4262-b902-2ff18806eb56",
    "data": [
      {
        "text": "recommend a ",
        "userDefined": false
      },
      {
        "text": "song",
        "meta": "@sys.ignore",
        "userDefined": false
      }
    ],
    "isTemplate": false,
    "count": 0,
    "updated": 0
  },
  {
    "id": "43618643-b16f-4c64-8c2b-a84f235ea4c5",
    "data": [
      {
        "text": "recommend ",
        "userDefined": false
      },
      {
        "text": "me",
        "meta": "@sys.ignore",
        "userDefined": false
      },
      {
        "text": " a ",
        "userDefined": false
      },
      {
        "text": "song",
        "meta": "@sys.ignore",
        "userDefined": false
      }
    ],
    "isTemplate": false,
    "count": 0,
    "updated": 0
  }
]