[
  {
    "id": "57a64185-a002-4bc8-9e1c-414048ea90ea",
    "data": [
      {
        "text": "Please say again",
        "userDefined": false
      }
    ],
    "isTemplate": false,
    "count": 0,
    "updated": 0
  },
  {
    "id": "447cedf8-5fb7-438d-995a-52acb4a9e2d9",
    "data": [
      {
        "text": "Say Again",
        "userDefined": false
      }
    ],
    "isTemplate": false,
    "count": 0,
    "updated": 0
  },
  {
    "id": "3ed21ece-9833-470f-ac31-df0bba48bbdc",
    "data": [
      {
        "text": "Repeat",
        "userDefined": false
      }
    ],
    "isTemplate": false,
    "count": 0,
    "updated": 0
  },
  {
    "id": "f6a79d02-c0cc-4b5f-ae72-ee15b2bef54c",
    "data": [
      {
        "text": "say that again",
        "userDefined": false
      }
    ],
    "isTemplate": false,
    "count": 0,
    "updated": 0
  },
  {
    "id": "cd5e7b6a-fbec-4be0-b30a-5d27dc1a84aa",
    "data": [
      {
        "text": "what can you do?",
        "userDefined": false
      }
    ],
    "isTemplate": false,
    "count": 0,
    "updated": 0
  },
  {
    "id": "c3f2d0ff-1e51-46d5-8096-f527d1e280e6",
    "data": [
      {
        "text": "Please repeat",
        "userDefined": false
      }
    ],
    "isTemplate": false,
    "count": 0,
    "updated": 0
  }
]