[
  {
    "id": "1af15401-a2c3-4c5f-baef-131efad42d26",
    "data": [
      {
        "text": "randomize",
        "userDefined": false
      }
    ],
    "isTemplate": false,
    "count": 0,
    "updated": 0
  },
  {
    "id": "90e9474d-5ff9-4cdc-b3bc-09465e82d641",
    "data": [
      {
        "text": "shuffle ",
        "userDefined": false
      },
      {
        "text": "on",
        "meta": "@sys.ignore",
        "userDefined": false
      }
    ],
    "isTemplate": false,
    "count": 0,
    "updated": 0
  },
  {
    "id": "bc0e23bf-27cf-4d87-947b-3a68b27441c0",
    "data": [
      {
        "text": "shuffle",
        "userDefined": false
      }
    ],
    "isTemplate": false,
    "count": 0,
    "updated": 0
  }
]