[
  {
    "id": "77af8a11-db18-47d6-9cc8-e745eb077b13",
    "data": [
      {
        "text": "start again",
        "userDefined": false
      }
    ],
    "isTemplate": false,
    "count": 0,
    "updated": 0
  },
  {
    "id": "6218ee73-c03c-4713-ad15-2cb43fc8b19b",
    "data": [
      {
        "text": "restart",
        "userDefined": false
      }
    ],
    "isTemplate": false,
    "count": 0,
    "updated": 0
  },
  {
    "id": "f7fb9d14-45fe-4317-aee4-b65a4945a31b",
    "data": [
      {
        "text": "start over",
        "userDefined": false
      }
    ],
    "isTemplate": false,
    "count": 0,
    "updated": 0
  }
]