[
  {
    "id": "36ea894c-591b-4683-bef0-3301a57a5fa9",
    "data": [
      {
        "text": "use",
        "alias": "value",
        "meta": "@boolean",
        "userDefined": false
      },
      {
        "text": " title",
        "userDefined": false
      }
    ],
    "isTemplate": false,
    "count": 0,
    "updated": 0
  },
  {
    "id": "77147f06-7158-4dd8-814b-b9d1d6fc58c5",
    "data": [
      {
        "text": "title ",
        "userDefined": false
      },
      {
        "text": "off",
        "alias": "value",
        "meta": "@boolean",
        "userDefined": true
      }
    ],
    "isTemplate": false,
    "count": 0,
    "updated": 0
  },
  {
    "id": "225e17ee-9f45-45fe-8e70-ccc97c5af49a",
    "data": [
      {
        "text": "title ",
        "userDefined": false
      },
      {
        "text": "on",
        "alias": "value",
        "meta": "@boolean",
        "userDefined": true
      }
    ],
    "isTemplate": false,
    "count": 0,
    "updated": 0
  }
]