[
  {
    "id": "8d49332d-6871-490e-89f2-9efa766922d1",
    "data": [
      {
        "text": "What version ",
        "userDefined": false
      },
      {
        "text": "is",
        "meta": "@sys.ignore",
        "userDefined": false
      },
      {
        "text": " this?",
        "userDefined": false
      }
    ],
    "isTemplate": false,
    "count": 0,
    "updated": 0
  },
  {
    "id": "8929496f-0cca-40ef-b1e1-0523a960563e",
    "data": [
      {
        "text": "What is the version of app?",
        "userDefined": false
      }
    ],
    "isTemplate": false,
    "count": 0,
    "updated": 0
  },
  {
    "id": "3a02b37e-a993-4f35-aa88-e9d994e8377a",
    "data": [
      {
        "text": "Tell me the version of app?",
        "userDefined": false
      }
    ],
    "isTemplate": false,
    "count": 0,
    "updated": 0
  },
  {
    "id": "d530ee58-925f-4407-9f0a-defa96f45d65",
    "data": [
      {
        "text": "Version",
        "userDefined": false
      }
    ],
    "isTemplate": false,
    "count": 0,
    "updated": 0
  }
]