[
  {
    "id": "a1270fc0-5993-471e-8911-aeef7d1581b1",
    "data": [
      {
        "text": "Hello",
        "userDefined": false
      }
    ],
    "isTemplate": false,
    "count": 0,
    "updated": 0
  },
  {
    "id": "2d1be5e3-c9ec-4379-8d4f-552d7a5a71fc",
    "data": [
      {
        "text": "reset",
        "userDefined": false
      }
    ],
    "isTemplate": false,
    "count": 0,
    "updated": 0
  },
  {
    "id": "d4b7e207-1b20-435c-baca-17cca559a39c",
    "data": [
      {
        "text": "Hi",
        "userDefined": false
      }
    ],
    "isTemplate": false,
    "count": 0,
    "updated": 0
  },
  {
    "id": "a4df6b1d-3267-4bc8-9371-8137c9dcd7fd",
    "data": [
      {
        "text": "Internet Archive",
        "userDefined": false
      }
    ],
    "isTemplate": false,
    "count": 0,
    "updated": 0
  },
  {
    "id": "aa236889-fc86-455b-9328-517a585f1bac",
    "data": [
      {
        "text": "Welcome",
        "userDefined": false
      }
    ],
    "isTemplate": false,
    "count": 0,
    "updated": 0
  }
]